#,mtime,type,status,subsystem,title,link
6e3ace1270,2024-06-04,Code_Defect,Fixed,Unknown,Table-valued functions with required parameters,https://www.sqlite.org/src/tktview/6e3ace1270
b50528af44,2023-03-30,Code_Defect,Fixed,Unknown,"""WHERE a=? AND b IN (?,?,...) AND c>?"" query using the seekscan optimization sometimes returns extra rows.",https://www.sqlite.org/src/tktview/b50528af44
33aa4c0de8,2023-03-20,Code_Defect,Fixed,Utilities,Heap buffer overflow on SQL input,https://www.sqlite.org/src/tktview/33aa4c0de8
89d259d45b,2023-03-17,Code_Defect,Fixed,Code_Generator,Assertion fault on SQL input (2),https://www.sqlite.org/src/tktview/89d259d45b
d15b3a4ea9,2023-03-17,Code_Defect,Fixed,Code_Generator,Assertion fault on SQL input,https://www.sqlite.org/src/tktview/d15b3a4ea9
d6fd512f50,2023-03-16,Code_Defect,Fixed,Code_Generator,Segfault on SQL input (3),https://www.sqlite.org/src/tktview/d6fd512f50
4051a7f931,2023-03-16,Code_Defect,Fixed,Code_Generator,Segfault on SQL input (2),https://www.sqlite.org/src/tktview/4051a7f931
c36cdb4afd,2023-03-16,Code_Defect,Fixed,Code_Generator,Segfault due to SQL inputs,https://www.sqlite.org/src/tktview/c36cdb4afd
57c47526c3,2022-12-13,Code_Defect,Fixed,Code_Generator,Incorrect answer when flattening a UNION ALL compound,https://www.sqlite.org/src/tktview/57c47526c3
679ed6a282,2022-12-10,Code_Defect,Fixed,Code_Generator,Different affinities in CREATE VIEW depending if column names declared,https://www.sqlite.org/src/tktview/679ed6a282
53043c9793,2022-11-19,Code_Defect,Fixed,Unknown,deserialized DB has a sqlite3_db_filename() contrary to docs,https://www.sqlite.org/src/tktview/53043c9793
5981a8c041,2021-11-02,Code_Defect,Fixed,Unknown,Incorrect answer on a SeekScan query,https://www.sqlite.org/src/tktview/5981a8c041
f2be158c57,2021-08-18,Code_Defect,Fixed,Unknown,ON CONFLICT on a PK column in a WITHOUT ROWID table does not work,https://www.sqlite.org/src/tktview/f2be158c57
c88f3036a2,2021-07-23,Code_Defect,Fixed,Unknown,ALTER TABLE DROP COLUMN may corrupt data,https://www.sqlite.org/src/tktview/c88f3036a2
6dcbfd11cf,2021-06-25,Code_Defect,Fixed,Virtual_Machine,Incorrect query result due to the SeekScan optimization,https://www.sqlite.org/src/tktview/6dcbfd11cf
de7db14784,2021-03-30,Code_Defect,Fixed,Unknown,subquery with limit clause fails as EXISTS operand,https://www.sqlite.org/src/tktview/de7db14784
132994c8b1,2021-03-30,Code_Defect,Fixed,Code_Generator,RETURNING old.* seg-faults,https://www.sqlite.org/src/tktview/132994c8b1
bb8a9fd4a9,2021-03-18,Code_Defect,Fixed,Unknown,Crash due to MATERIALIZED,https://www.sqlite.org/src/tktview/bb8a9fd4a9
2c6c8689fb,2021-03-16,Code_Defect,Fixed,Unknown,Non-deterministic date/time function identified as deterministic.,https://www.sqlite.org/src/tktview/2c6c8689fb
a753a8567d,2021-03-16,Code_Defect,Fixed,Unknown,RENAME COLUMN incorrectly modifying column names in generated column expressions,https://www.sqlite.org/src/tktview/a753a8567d
1c24a659e6,2021-03-15,Code_Defect,Fixed,Code_Generator,DROP COLUMN leaves behind an index,https://www.sqlite.org/src/tktview/1c24a659e6
c0aeea67d5,2021-02-15,Code_Defect,Fixed,Unknown,Incorrect LIKE result,https://www.sqlite.org/src/tktview/c0aeea67d5
ee51301f31,2021-01-27,Code_Defect,Fixed,Unknown,Incorrect optimization of IN operator.,https://www.sqlite.org/src/tktview/ee51301f31
95302bdb08,2020-10-05,Code_Defect,Fixed,Unknown,WHERE clause that uses a NUMERIC cast influences the result type,https://www.sqlite.org/src/tktview/95302bdb08
0f586dbeb3,2020-10-02,Code_Defect,Closed,Unknown,FTS4 integrity-check fails for UTF16 encoding,https://www.sqlite.org/src/tktview/0f586dbeb3
2d5a316356,2020-10-01,Code_Defect,Fixed,Unknown,Segmentation fault in CROSS JOIN and the rtree extension,https://www.sqlite.org/src/tktview/2d5a316356
5c4e7aa793,2020-09-30,Code_Defect,Fixed,Unknown,Incorrect result for comparison with NULL,https://www.sqlite.org/src/tktview/5c4e7aa793
66e4b0e271,2020-09-30,Code_Defect,Fixed,Code_Generator,Incorrect result for LEFT JOIN,https://www.sqlite.org/src/tktview/66e4b0e271
c51489c3b8,2020-09-29,Code_Defect,Fixed,Code_Generator,Incorrect result from WITH RECURSIVE using DISTINCT,https://www.sqlite.org/src/tktview/c51489c3b8
f3ff147288,2020-08-24,Code_Defect,Closed,Unknown,Incorrect result for IN expression with right-hand IS TRUE sub-expression,https://www.sqlite.org/src/tktview/f3ff147288
8f157e8010,2020-06-15,Code_Defect,Fixed,Unknown,Heap Buffer Overflow in multiSelectOrderBy,https://www.sqlite.org/src/tktview/8f157e8010
9fb26d37ce,2020-06-14,Code_Defect,Fixed,Virtual_Machine,Assertion `flags3==pIn3->flags' failed.,https://www.sqlite.org/src/tktview/9fb26d37ce
e367f31901,2020-06-13,Code_Defect,Fixed,Unknown,Assertion `pExpr->pAggInfo==pAggInfo' failed.,https://www.sqlite.org/src/tktview/e367f31901
b706351ce2,2020-06-11,Code_Defect,Fixed,Unknown,Segfault in sqlite3Select,https://www.sqlite.org/src/tktview/b706351ce2
7c6d876f84,2020-06-09,Code_Defect,Fixed,Unknown,Use after free in resetAccumulator.,https://www.sqlite.org/src/tktview/7c6d876f84
f7d890858f,2020-06-08,Code_Defect,Closed,Unknown,Segfault in moveToRoot,https://www.sqlite.org/src/tktview/f7d890858f
e5504e987e,2020-06-07,Code_Defect,Fixed,Unknown,Segfault in sqlite3VdbeCursorMoveto,https://www.sqlite.org/src/tktview/e5504e987e
1f6f353b68,2020-06-06,Code_Defect,Fixed,Unknown,Segfault in sqlite3VdbeExec,https://www.sqlite.org/src/tktview/1f6f353b68
0899cf62f5,2020-06-06,Code_Defect,Fixed,Unknown,Segfault in sqlite3VdbeExec,https://www.sqlite.org/src/tktview/0899cf62f5
c8d3b9f0a7,2020-06-05,Code_Defect,Fixed,Unknown,Use after free in resetAccumulator.,https://www.sqlite.org/src/tktview/c8d3b9f0a7
810dc80388,2020-06-03,Code_Defect,Fixed,Virtual_Machine,COMMIT command succeeds even though it didn't commit.,https://www.sqlite.org/src/tktview/810dc80388
7a5279a25c,2020-05-24,Code_Defect,Fixed,Unknown,Segfault in sqlite3ExprCodeTarget,https://www.sqlite.org/src/tktview/7a5279a25c
23439ea582,2020-05-23,Code_Defect,Fixed,Utilities,"Stack overflow in sqlite3_str_vappendf, caused by int overflow",https://www.sqlite.org/src/tktview/23439ea582
45f4bf4eb4,2020-04-25,Code_Defect,Closed,Unknown,UNION operator malfunctions in LEFT JOIN on view,https://www.sqlite.org/src/tktview/45f4bf4eb4
51166be015,2020-04-04,Code_Defect,Fixed,Unknown,Assertion `pC!=0' failed.,https://www.sqlite.org/src/tktview/51166be015
fd1bda016d,2020-04-03,Code_Defect,Closed,Unknown,Assertion `flags3==pIn3->flags' failed,https://www.sqlite.org/src/tktview/fd1bda016d
af4556bb5c,2020-04-03,Code_Defect,Fixed,Unknown,Segfault while trying to prepare a malformed window-function query,https://www.sqlite.org/src/tktview/af4556bb5c
a10a14e9b4,2020-04-03,Code_Defect,Fixed,Unknown,Assertion fault while renaming a table.,https://www.sqlite.org/src/tktview/a10a14e9b4
4722bdab08,2020-04-03,Code_Defect,Fixed,Unknown,Another renameTokenCheckAll() fault,https://www.sqlite.org/src/tktview/4722bdab08
5829597ac4,2020-03-22,Code_Defect,Fixed,Unknown,SEGV in sqlite3.c:80685 sqlite3VdbeCursorMoveto,https://www.sqlite.org/src/tktview/5829597ac4
618156e3f6,2020-03-16,Code_Defect,Closed,Unknown,clearSelect: Assertion `p->pWin==0' failed.,https://www.sqlite.org/src/tktview/618156e3f6
82b588d342,2020-03-16,Code_Defect,Fixed,Unknown,Assertion `memIsValid(&r.aMem[ii])' failed.,https://www.sqlite.org/src/tktview/82b588d342
3c9eadd2a6,2020-03-11,Code_Defect,Fixed,Unknown,PRAGMA integrity_check fails due to CHECK constraint even without records,https://www.sqlite.org/src/tktview/3c9eadd2a6
e0c2ad1aa8,2020-03-10,Code_Defect,Fixed,Unknown,GROUP BY causes unexpected conversion,https://www.sqlite.org/src/tktview/e0c2ad1aa8
1b8d726456,2020-03-05,Code_Defect,Fixed,Unknown,MAX yields unexpected result for UTF-16,https://www.sqlite.org/src/tktview/1b8d726456
c4c56482ce,2020-03-03,Code_Defect,Fixed,Unknown,Assertion `(p->flags & ~(MEM_Null|MEM_Term|MEM_Subtype|MEM_FromBind |MEM_Dyn|MEM_Ephem|MEM_Static))==0' failed.,https://www.sqlite.org/src/tktview/c4c56482ce
d165ad781b,2020-03-03,Code_Defect,Fixed,Unknown,Assertion `(mFlags&(MEM_Str|MEM_Blob))==0 || (pMem->n==pX->n && pMem->z==pX->z)' failed.,https://www.sqlite.org/src/tktview/d165ad781b
da5a09be6d,2020-03-02,Code_Defect,Fixed,Unknown,UAF in sqlite3BlobCompare,https://www.sqlite.org/src/tktview/da5a09be6d
e12a0ae526,2020-03-02,Code_Defect,Fixed,Unknown,Assertion `memIsValid(&aMem[pOp->p1])' failed,https://www.sqlite.org/src/tktview/e12a0ae526
e63b4d1a65,2020-02-28,Code_Defect,Fixed,Unknown,Query on rtree unexpectedly yields 0 rather than 0.0,https://www.sqlite.org/src/tktview/e63b4d1a65
f50af3e8a5,2020-02-23,Code_Defect,Fixed,Unknown,OOB memory access on a table rename,https://www.sqlite.org/src/tktview/f50af3e8a5
aa43786930,2020-02-22,Code_Defect,Fixed,Unknown,sqlite3.c:87338: int sqlite3VdbeExec(Vdbe *): Assertion `sqlite3BtreeCursorIsValid(pCrsr)' failed.,https://www.sqlite.org/src/tktview/aa43786930
4374860b29,2020-02-17,Code_Defect,Fixed,Unknown,Segmentation fault in isAuxiliaryVtabOperator,https://www.sqlite.org/src/tktview/4374860b29
1dcb4d4496,2020-02-13,Code_Defect,Fixed,Unknown,Incorrect query result when redundant terms appears in WHERE clause,https://www.sqlite.org/src/tktview/1dcb4d4496
41c1456a6e,2020-02-13,Code_Defect,Fixed,Unknown,Assertion `pColl1 && (pParse->nErr || pColl2)' failed.,https://www.sqlite.org/src/tktview/41c1456a6e
fb8c538a8f,2020-02-12,Code_Defect,Fixed,Unknown,"Incorrect sorting when a column uses BINARY collation in the ORDER BY, but is constrained by an == with a different collation in the WHERE clause",https://www.sqlite.org/src/tktview/fb8c538a8f
f07d71bb49,2020-02-04,Code_Defect,Fixed,Other,Assertion `pOp->p4type==P4_FUNCCTX' failed.,https://www.sqlite.org/src/tktview/f07d71bb49
86ba67afaf,2020-02-04,Code_Defect,Fixed,Code_Generator,Incorrect affinity for CHECK constraints,https://www.sqlite.org/src/tktview/86ba67afaf
9d3666754a,2020-02-04,Code_Defect,Fixed,Unknown,int sqlite3VdbeExec(Vdbe *): Assertion `memIsValid(pCtx->argv[i])' failed.,https://www.sqlite.org/src/tktview/9d3666754a
1dc432db3b,2020-01-29,Code_Defect,Closed,Unknown,"FTS4 integrity-check results in ""database disk image is malformed"" for UTF-16 encoding",https://www.sqlite.org/src/tktview/1dc432db3b
b985f0bd16,2020-01-22,Code_Defect,Fixed,Unknown,Assertion `0' failed in  sqlite3IsLikeFunction,https://www.sqlite.org/src/tktview/b985f0bd16
a08879a4a4,2020-01-15,Code_Defect,Fixed,Unknown,Assertion `pKeyInfo->enc==ENC(db)' failed.,https://www.sqlite.org/src/tktview/a08879a4a4
614b25314c,2020-01-12,Code_Defect,Fixed,Unknown,"Assertion (pTabItem[0].fg.jointype & JT_LEFT)==0 || ExprHasProperty(pOrExpr, EP_FromJoin) failed",https://www.sqlite.org/src/tktview/614b25314c
a148d923bf,2020-01-10,Code_Defect,Fixed,Unknown,Assertion `memIsValid(pCtx->argv[i])' failed.,https://www.sqlite.org/src/tktview/a148d923bf
678ecf429f,2020-01-09,Code_Defect,Fixed,Unknown,"Assertion `pWin==pMWin || sqlite3WindowCompare(pParse,pWin,pMWin,0)==0' failed",https://www.sqlite.org/src/tktview/678ecf429f
9eda2697f5,2020-01-08,Code_Defect,Fixed,Unknown,"Incorrect result for COUNT(), UTF16be encoding and SUBSTR",https://www.sqlite.org/src/tktview/9eda2697f5
82ac75ba00,2020-01-08,Code_Defect,Fixed,Unknown,Incorrect result for query with 0 >= t0.c0 AND t0.c0 = v0.c0 condition,https://www.sqlite.org/src/tktview/82ac75ba00
bbd55a97e6,2020-01-06,Code_Defect,Fixed,Unknown,Global heap over flow in sqlite3VdbeMemPrettyPrint,https://www.sqlite.org/src/tktview/bbd55a97e6
9c944882bf,2020-01-06,Code_Defect,Fixed,Unknown,Assertion `pSub->pGroupBy==0' failed.,https://www.sqlite.org/src/tktview/9c944882bf
304017f5f0,2020-01-06,Code_Defect,Fixed,Unknown,Assertion `j>=pLoop->u.btree.nEq || (pLoop->aLTerm[j]==0)==(j<pLoop->nSkip)' failed.,https://www.sqlite.org/src/tktview/304017f5f0
74a4c3860c,2020-01-04,Code_Defect,Closed,Unknown,DBSTAT query computes incorrect result for name column,https://www.sqlite.org/src/tktview/74a4c3860c
727074e2ae,2020-01-04,Code_Defect,Fixed,Unknown,DBSTAT query computes incorrect result for aggregate column,https://www.sqlite.org/src/tktview/727074e2ae
771fe61761,2020-01-02,Code_Defect,Closed,Unknown,"FTS5 integrity-check results in ""database disk image is malformed"" for UTF-16 encoding and SUBSTR",https://www.sqlite.org/src/tktview/771fe61761
46fcd700b8,2019-12-31,Code_Defect,Fixed,Unknown,Debug assertion sqlite3VdbeMemAboutToChange: Assertion `(mFlags&MEM_Real)==0 || pMem->u.r==pX->u.r' failed (2),https://www.sqlite.org/src/tktview/46fcd700b8
892575cdba,2019-12-30,Code_Defect,Fixed,Unknown,Debug assertion codeVectorCompare: Assertion `0' failed,https://www.sqlite.org/src/tktview/892575cdba
7c0e06b162,2019-12-30,Code_Defect,Closed,Unknown,"NATURAL JOIN on virtual table results in ""parse error in rank function""",https://www.sqlite.org/src/tktview/7c0e06b162
314cc133e5,2019-12-29,Code_Defect,Fixed,Unknown,Trigger on normal table causes the database disk image to become malformed,https://www.sqlite.org/src/tktview/314cc133e5
ec8abb025e,2019-12-29,Code_Defect,Fixed,Unknown,Debug assertion sqlite3BtreeInsert: Assertion `pCur->curFlags & BTCF_ValidNKey' failed,https://www.sqlite.org/src/tktview/ec8abb025e
de4b04149b,2019-12-28,Code_Defect,Fixed,Unknown,Debug assertion sqlite3VdbeMemAboutToChange: Assertion `(mFlags&MEM_Real)==0 || pMem->u.r==pX->u.r' failed,https://www.sqlite.org/src/tktview/de4b04149b
5fbc159eeb,2019-12-28,Code_Defect,Fixed,Unknown,Debug assertion sqlite3VdbeExec: Assertion `memIsValid(pRec)' failed,https://www.sqlite.org/src/tktview/5fbc159eeb
37823501c6,2019-12-28,Code_Defect,Fixed,Unknown,Debug assertion sqlite3VdbeExec: Assertion `memIsValid(&aMem[pOp->p1])' failed.,https://www.sqlite.org/src/tktview/37823501c6
36ffedcb9a,2019-12-27,Code_Defect,Closed,Unknown,Debug assertion exprSrcCount: Assertion `0' failed,https://www.sqlite.org/src/tktview/36ffedcb9a
fb3b3024ea,2019-12-27,Code_Defect,Fixed,Unknown,Debug assertion assert_pager_state: Assertion `pPager->changeCountDone==0 || pPager->eLock>=RESERVED_LOCK' failed,https://www.sqlite.org/src/tktview/fb3b3024ea
7c13db5c3b,2019-12-26,Code_Defect,Fixed,Unknown,"Debug assertion sqlite3FinishCoding: Assertion `!pParse->isMultiWrite || sqlite3VdbeAssertMayAbort(v, pParse->mayAbort)' failed",https://www.sqlite.org/src/tktview/7c13db5c3b
167b2aac34,2019-12-26,Code_Defect,Closed,Unknown,Debug assertion fts5CheckTransactionState: Assertion `iSavepoint<=p->ts.iSavepoint' failed,https://www.sqlite.org/src/tktview/167b2aac34
d87336c81c,2019-12-25,Code_Defect,Fixed,Unknown,Debug assertion sqlite3TableColumnAffinity: Assertion `iCol<pTab->nCol' failed.,https://www.sqlite.org/src/tktview/d87336c81c
752fdbf6e7,2019-12-24,Code_Defect,Closed,Unknown,FTS database disk image is malformed for UTF-16 encoding and integrity check,https://www.sqlite.org/src/tktview/752fdbf6e7
df46a6f38e,2019-12-24,Code_Defect,Closed,Unknown,Debug assertion sqlite3Fts5HashScanNext: Assertion `!sqlite3Fts5HashScanEof(p)' failed,https://www.sqlite.org/src/tktview/df46a6f38e
d62981b76d,2019-12-24,Code_Defect,Fixed,Unknown,FTS database disk image is malformed for special characters in table,https://www.sqlite.org/src/tktview/d62981b76d
b383b90278,2019-12-24,Code_Defect,Fixed,Unknown,Debug assertion sqlite3VdbeExec: Assertion `pIn1!=pIn3' failed (2),https://www.sqlite.org/src/tktview/b383b90278
bf1aab8978,2019-12-23,Code_Defect,Closed,Unknown,FTS merge does not terminate,https://www.sqlite.org/src/tktview/bf1aab8978
dfd66334cf,2019-12-23,Code_Defect,Closed,Unknown,Debug assertion impliesNotNullRow: Assertion `pWalker->eCode==0' failed,https://www.sqlite.org/src/tktview/dfd66334cf
3ab4a9f02c,2019-12-23,Code_Defect,Closed,Unknown,Debug assertion  sqlite3VdbeExec: Assertion `pC!=0' failed,https://www.sqlite.org/src/tktview/3ab4a9f02c
d9ed4ebef1,2019-12-23,Code_Defect,Closed,Unknown,SELECT on window function causes a segfault,https://www.sqlite.org/src/tktview/d9ed4ebef1
0911b5d161,2019-12-23,Code_Defect,Fixed,Unknown,Debug assertion sqlite3MemCompare: Assertion `pMem1->enc==pMem2->enc || pMem1->db->mallocFailed' failed,https://www.sqlite.org/src/tktview/0911b5d161
9d708e4742,2019-12-23,Code_Defect,Fixed,Unknown,Debug assertion sqlite3VdbeExec: Assertion `flags3==pIn3->flags' failed (2),https://www.sqlite.org/src/tktview/9d708e4742
5ad2aa6921,2019-12-23,Code_Defect,Fixed,Unknown,Debug assertion sqlite3VdbeMemAboutToChange: Assertion `(mFlags&MEM_Str)==0 || (pMem->n==pX->n && pMem->z==pX->z)' failed,https://www.sqlite.org/src/tktview/5ad2aa6921
c62c5e5852,2019-12-23,Code_Defect,Fixed,Unknown,Debug assertion sqlite3VdbeMemAboutToChange: Assertion `(mFlags&MEM_Str)==0 || (pMem->n==pX->n && pMem->z==pX->z)' failed (2),https://www.sqlite.org/src/tktview/c62c5e5852
188f912b51,2019-12-22,Code_Defect,Fixed,Unknown,Debug assertion sqlite3VdbeExec: Assertion `pIn1!=pIn3' failed,https://www.sqlite.org/src/tktview/188f912b51
7929c1efb2,2019-12-22,Code_Defect,Fixed,Unknown,"Debug assertion constructAutomaticIndex: Assertion `!ExprHasProperty(pExpr, EP_FromJoin) || pExpr->iRightJoinTable!=pSrc->iCursor || pLoop->prereq!=0' failed",https://www.sqlite.org/src/tktview/7929c1efb2
b0cb8aff56,2019-12-22,Code_Defect,Fixed,Unknown,Debug assertion sqlite3ExprSkipCollateAndLikely: Assertion `pExpr->op==TK_COLLATE' failed,https://www.sqlite.org/src/tktview/b0cb8aff56
1b06916e01,2019-12-22,Code_Defect,Fixed,Unknown,Debug assertion sqlite3VdbeExec: Assertion `flags3==pIn3->flags' failed,https://www.sqlite.org/src/tktview/1b06916e01
f00d096cae,2019-12-22,Code_Defect,Closed,Unknown,Debug assertion sqlite3VdbeExec: Assertion `memIsValid(pRec)' failed,https://www.sqlite.org/src/tktview/f00d096cae
9cb7d0ef44,2019-12-22,Code_Defect,Closed,Unknown,Debug assertion fts5StructureRead: Assertion `p->iStructVersion!=0' failed,https://www.sqlite.org/src/tktview/9cb7d0ef44
cd3311e323,2019-12-21,Code_Defect,Closed,Unknown,FTS database disk image is malformed for update on languageid,https://www.sqlite.org/src/tktview/cd3311e323
e0a8120553,2019-12-20,Code_Defect,Fixed,Code_Generator,Incorrect result for BETWEEN and generated column,https://www.sqlite.org/src/tktview/e0a8120553
e431c35542,2019-12-20,Code_Defect,Closed,Unknown,FTS database disk image is malformed for UTF-16 encoding,https://www.sqlite.org/src/tktview/e431c35542
cf36cb4e02,2019-12-20,Code_Defect,Closed,Unknown,FTS database disk image is malformed for UTF-16 encoding after update,https://www.sqlite.org/src/tktview/cf36cb4e02
3b84b42943,2019-12-16,Code_Defect,Fixed,Unknown,LEFT JOIN malfunctions with generated column,https://www.sqlite.org/src/tktview/3b84b42943
b439bfcfb7,2019-12-14,Code_Defect,Fixed,Unknown,REINDEX segfaults on table with generated columns,https://www.sqlite.org/src/tktview/b439bfcfb7
d7c3f125c9,2019-12-10,Code_Defect,Fixed,Unknown,"REINDEX results in ""UNIQUE constraint failed"" for generated column",https://www.sqlite.org/src/tktview/d7c3f125c9
bd8c280671,2019-12-09,Code_Defect,Fixed,Unknown,PRAGMA integrity_check does not terminate on table with generated column,https://www.sqlite.org/src/tktview/bd8c280671
b92e5e8ec2,2019-12-08,Code_Defect,Fixed,Unknown,"Query on table without rows and generated column results in ""out of memory"" error",https://www.sqlite.org/src/tktview/b92e5e8ec2
f096d191b6,2019-12-05,Code_Defect,Fixed,Unknown,Row value comparison malfunctions with rtree table,https://www.sqlite.org/src/tktview/f096d191b6
9fe487ba3c,2019-12-05,Code_Defect,Fixed,Unknown,Join on two rtree tables malfunctions,https://www.sqlite.org/src/tktview/9fe487ba3c
30e2c183b6,2019-12-05,Code_Defect,Fixed,Unknown,column = NULL predicate evaluates to TRUE for rtree table,https://www.sqlite.org/src/tktview/30e2c183b6
7f39060a24,2019-11-30,Code_Defect,Fixed,Unknown,LEFT JOIN malfunctions with partial ISNULL index,https://www.sqlite.org/src/tktview/7f39060a24
8fe768e9c9,2019-11-18,Code_Defect,Closed,Unknown,FTS integrity-check malfunctions,https://www.sqlite.org/src/tktview/8fe768e9c9
2ae0c599b7,2019-11-15,Code_Defect,Fixed,Unknown,Table-valued functions do not work as the right table of a LEFT JOIN,https://www.sqlite.org/src/tktview/2ae0c599b7
7e59041f9c,2019-11-08,Code_Defect,Fixed,Unknown,DISTINCT malfunctions for VIEW with virtual table,https://www.sqlite.org/src/tktview/7e59041f9c
302027baf1,2019-11-07,Code_Defect,Fixed,Unknown,"VACUUM results in ""database disk image is malformed"" for PRIMARY KEY with duplicate column",https://www.sqlite.org/src/tktview/302027baf1
299b50ba81,2019-11-07,Code_Defect,Fixed,Unknown,UPDATE on table with two generated columns and CHECK clause results in segfault,https://www.sqlite.org/src/tktview/299b50ba81
4fc08501f4,2019-11-06,Code_Defect,Fixed,Unknown,Segfault when inserting into table with generated columns,https://www.sqlite.org/src/tktview/4fc08501f4
ce22a07731,2019-11-06,Code_Defect,Fixed,Unknown,NULL WHERE condition unexpectedly results in row being fetched,https://www.sqlite.org/src/tktview/ce22a07731
2399f59861,2019-11-06,Code_Defect,Fixed,Unknown,REPLACE on table with generated NOT NULL column results in segfault,https://www.sqlite.org/src/tktview/2399f59861
02aa2bd02f,2019-11-04,Code_Defect,Fixed,Unknown,Row value comparison malfunctions on view with left join,https://www.sqlite.org/src/tktview/02aa2bd02f
623eff57e7,2019-11-03,Code_Defect,Fixed,Unknown,LEFT JOIN in view malfunctions with partial index on table,https://www.sqlite.org/src/tktview/623eff57e7
a9efb42811,2019-11-02,Code_Defect,Fixed,Unknown,Incorrect result for GLOB operator,https://www.sqlite.org/src/tktview/a9efb42811
c28a01da72,2019-11-01,Code_Defect,Fixed,Unknown,REPLACE causes segfault in table with generated column and foreign key,https://www.sqlite.org/src/tktview/c28a01da72
b9befa4b83,2019-10-31,Code_Defect,Fixed,Unknown,Segfault in table with generated column and foreign key,https://www.sqlite.org/src/tktview/b9befa4b83
1d2a8efc6c,2019-10-31,Code_Defect,Fixed,Unknown,VACUUM on table with generated column that uses TYPEOF results in an error,https://www.sqlite.org/src/tktview/1d2a8efc6c
6484e6ce67,2019-10-29,Code_Defect,Fixed,Unknown,VACUUM on table with generated column results in an error,https://www.sqlite.org/src/tktview/6484e6ce67
166347c6fc,2019-10-29,Code_Defect,Fixed,Unknown,VACUUM issue on table with generated column,https://www.sqlite.org/src/tktview/166347c6fc
9621dd78a0,2019-10-29,Code_Defect,Fixed,Unknown,Segfault when updating table with generated columns,https://www.sqlite.org/src/tktview/9621dd78a0
91e8695101,2019-10-27,Code_Defect,Fixed,Unknown,Segfault in table with generated columns,https://www.sqlite.org/src/tktview/91e8695101
3ea1755124,2019-10-26,Code_Defect,Fixed,Unknown,"REINDEX causes ""UNIQUE constraint failed"" error for generated column",https://www.sqlite.org/src/tktview/3ea1755124
c1e19e1204,2019-10-26,Code_Defect,Fixed,Unknown,Trigger causes query to compute incorrect result,https://www.sqlite.org/src/tktview/c1e19e1204
dd1f67bf25,2019-10-24,Code_Defect,Closed,Unknown,"FTS integrity-check malfunctions nondeterministically with tokenize=""ascii""",https://www.sqlite.org/src/tktview/dd1f67bf25
50c09fc2cf,2019-10-24,Code_Defect,Fixed,Unknown,Crash on REPLACE INTO of a table with an AFTER DELETE trigger.,https://www.sqlite.org/src/tktview/50c09fc2cf
135c9da751,2019-10-23,Code_Defect,Fixed,Unknown,Comparison of row values with COLLATE NOCASE yields incorrect result,https://www.sqlite.org/src/tktview/135c9da751
6ef984af89,2019-10-22,Code_Defect,Fixed,Unknown,Row value comparison yields incorrect result,https://www.sqlite.org/src/tktview/6ef984af89
b47e3627ec,2019-10-22,Code_Defect,Fixed,Unknown,Comparison of row values results in incorrect result,https://www.sqlite.org/src/tktview/b47e3627ec
a8a4847a2d,2019-10-16,Code_Defect,Fixed,Unknown,Trigger inserts duplicate value in UNIQUE column,https://www.sqlite.org/src/tktview/a8a4847a2d
278ac14262,2019-10-11,Code_Defect,Fixed,Unknown,FTS integrity_check fails when inserting x'00',https://www.sqlite.org/src/tktview/278ac14262
745f1abcdc,2019-10-11,Code_Defect,Closed,Unknown,FTS integrity-check malfunctions for transaction and the prefix option,https://www.sqlite.org/src/tktview/745f1abcdc
8a6fa2bb22,2019-10-11,Code_Defect,Closed,Unknown,FTS order=DESC results into integrity-check failing,https://www.sqlite.org/src/tktview/8a6fa2bb22
c31034044b,2019-10-10,Code_Defect,Closed,Unknown,LEFT JOIN in view malfunctions with NOTNULL,https://www.sqlite.org/src/tktview/c31034044b
1079ad1999,2019-10-10,Code_Defect,Closed,Unknown,Crash in query with FILTER clause on normal aggregate that refers to a column of a subquery,https://www.sqlite.org/src/tktview/1079ad1999
a976c487d1,2019-10-10,Code_Defect,Closed,Unknown,LEFT JOIN in view malfunctions,https://www.sqlite.org/src/tktview/a976c487d1
d392017c8e,2019-10-09,Code_Defect,Closed,Unknown,"FTS rebuild in combination with crisismerge results in error ""database or disk is full""",https://www.sqlite.org/src/tktview/d392017c8e
81a7f7b9e2,2019-10-09,Code_Defect,Closed,Unknown,FTS integrity-check indicates that the database disk image is malformed,https://www.sqlite.org/src/tktview/81a7f7b9e2
e258f008ce,2019-10-08,Code_Defect,Closed,Unknown,FTS rebuild in transaction causes integrity-check to fail,https://www.sqlite.org/src/tktview/e258f008ce
265e935b26,2019-10-07,Code_Defect,Closed,Unknown,"FTS pgsz option results in ""database disk image is malformed"" error",https://www.sqlite.org/src/tktview/265e935b26
b2d4edaffd,2019-10-07,Code_Defect,Fixed,Unknown,Comparison on view malfunctions,https://www.sqlite.org/src/tktview/b2d4edaffd
99cd4807dc,2019-09-23,Code_Defect,Fixed,Unknown,"Scalar subquery with ""LIMIT 0"" should return NULL",https://www.sqlite.org/src/tktview/99cd4807dc
587791f926,2019-09-17,Code_Defect,Fixed,Unknown,Row is not fetched when using WHERE clause with INSTR(),https://www.sqlite.org/src/tktview/587791f926
0f0428096f,2019-09-16,Code_Defect,Fixed,Unknown,GLOB unexpectedly does not match,https://www.sqlite.org/src/tktview/0f0428096f
18458b1ad6,2019-09-11,Code_Defect,Closed,Unknown,COLLATE issue in view,https://www.sqlite.org/src/tktview/18458b1ad6
a7debbe0ad,2019-09-09,Code_Defect,Closed,Unknown,BETWEEN issue in view,https://www.sqlite.org/src/tktview/a7debbe0ad
767a8cbc6d,2019-09-03,Code_Defect,Fixed,Unknown,COLLATE NOCASE string comparison yields incorrect result,https://www.sqlite.org/src/tktview/767a8cbc6d
29f635e0af,2019-09-03,Code_Defect,Fixed,Unknown,IS NULL unexpectedly evaluates to TRUE,https://www.sqlite.org/src/tktview/29f635e0af
2841e99d10,2019-09-02,Code_Defect,Fixed,Unknown,Different rounding when converting TEXT to REAL,https://www.sqlite.org/src/tktview/2841e99d10
57af00b664,2019-09-02,Code_Defect,Fixed,Unknown,Expression computed on row yields incorrect result,https://www.sqlite.org/src/tktview/57af00b664
d6a0fbc14e,2019-08-31,Code_Defect,Closed,Unknown,"REINDEX causes ""UNIQUE constraint failed"" error when using TRIGGER",https://www.sqlite.org/src/tktview/d6a0fbc14e
40812aea1f,2019-08-30,Code_Defect,Fixed,Unknown,Incorrect result for comparison of large number,https://www.sqlite.org/src/tktview/40812aea1f
5a3dba8104,2019-08-30,Code_Defect,Fixed,Unknown,"REINDEX causes ""UNIQUE constraint failed"" error",https://www.sqlite.org/src/tktview/5a3dba8104
f8f472cbc7,2019-08-30,Code_Defect,Fixed,Unknown,Partial index and BETWEEN issue,https://www.sqlite.org/src/tktview/f8f472cbc7
fba33c8b1d,2019-08-30,Code_Defect,Fixed,Unknown,Partial index causes row to not be fetched in BETWEEN expression,https://www.sqlite.org/src/tktview/fba33c8b1d
a6408d42b9,2019-08-30,Code_Defect,Fixed,Unknown,Partial index causes row to not be fetched,https://www.sqlite.org/src/tktview/a6408d42b9
c03903637b,2019-08-29,Code_Defect,Closed,Unknown,Indexes causes row to not be fetched,https://www.sqlite.org/src/tktview/c03903637b
f8a7060ece,2019-08-27,Code_Defect,Closed,Unknown,Incorrect result for query that uses MIN() and a CAST on rowid,https://www.sqlite.org/src/tktview/f8a7060ece
dbaf8a6820,2019-08-27,Code_Defect,Fixed,Unknown,Unexpected affinity conversion is performed for the IN operator,https://www.sqlite.org/src/tktview/dbaf8a6820
ac8dd4a32b,2019-08-27,Code_Defect,Fixed,Unknown,Segfault when dropping a temp trigger on a database that has already been detached,https://www.sqlite.org/src/tktview/ac8dd4a32b
78acc9d40f,2019-08-26,Code_Defect,Fixed,Unknown,Assertion fault in row-value UPDATE,https://www.sqlite.org/src/tktview/78acc9d40f
7e07a3dbf5,2019-08-22,Code_Defect,Fixed,Unknown,LIKELY() seems to cause unexpected affinity conversion for rowid,https://www.sqlite.org/src/tktview/7e07a3dbf5
ac184eb571,2019-08-22,Code_Defect,Fixed,Unknown,Row with comparison on TEXT UNIQUE column  is not fetched,https://www.sqlite.org/src/tktview/ac184eb571
d9f584e936,2019-08-22,Code_Defect,Fixed,Unknown,Row is not fetched in table with INTEGER PRIMARY KEY,https://www.sqlite.org/src/tktview/d9f584e936
b86894020e,2019-08-21,Code_Defect,Closed,Unknown,DISTINCT malfunctions for IS NULL,https://www.sqlite.org/src/tktview/b86894020e
f043b1130b,2019-08-20,Code_Defect,Closed,Unknown,INDEXED BY results in row not being fetched,https://www.sqlite.org/src/tktview/f043b1130b
c7a1171907,2019-08-17,Code_Defect,Closed,Unknown,WHERE clause erroneously influences value of fetched column from view,https://www.sqlite.org/src/tktview/c7a1171907
6710d2f7a1,2019-08-17,Code_Defect,Fixed,Unknown,LEFT JOIN fails to fetch row,https://www.sqlite.org/src/tktview/6710d2f7a1
256741a16b,2019-08-15,Code_Defect,Fixed,Unknown,null pointer dereference caused by window functions in result-set of EXISTS(SELECT ...),https://www.sqlite.org/src/tktview/256741a16b
e4598ecbdd,2019-08-15,Code_Defect,Fixed,Unknown,Division by zero in the query planner.,https://www.sqlite.org/src/tktview/e4598ecbdd
3cf9bb227e,2019-08-12,Code_Defect,Fixed,Unknown,Database corruption caused by REPLACE,https://www.sqlite.org/src/tktview/3cf9bb227e
9080b6227f,2019-08-10,Code_Defect,Fixed,Unknown,Constant expression in partial index results in row not being fetched,https://www.sqlite.org/src/tktview/9080b6227f
0a5e2c1dcb,2019-08-06,Code_Defect,Fixed,Unknown,Unexpected affinity conversion for view column in IN operator,https://www.sqlite.org/src/tktview/0a5e2c1dcb
61c853857f,2019-08-06,Code_Defect,Fixed,Unknown,Row is not fetched in SELECT from VIEW,https://www.sqlite.org/src/tktview/61c853857f
d52a29a9e6,2019-08-05,Code_Defect,Fixed,Unknown,Unexpected affinity conversion in view,https://www.sqlite.org/src/tktview/d52a29a9e6
71e183cab6,2019-08-03,Code_Defect,Closed,Unknown,MIN() malfunctions for a query with ISNULL condition,https://www.sqlite.org/src/tktview/71e183cab6
41866dc373,2019-08-02,Code_Defect,Closed,Unknown,MIN() malfunctions for UNIQUE column,https://www.sqlite.org/src/tktview/41866dc373
ced41c7c7d,2019-07-30,Code_Defect,Fixed,Unknown,Query with DISTINCT does not fetch all distinct rows,https://www.sqlite.org/src/tktview/ced41c7c7d
ccbe5759fb,2019-07-29,Code_Defect,Closed,Unknown,ANALYZE causes DISTINCT to malfunction in CROSS JOIN,https://www.sqlite.org/src/tktview/ccbe5759fb
ba2f4585cf,2019-07-29,Code_Defect,Fixed,Unknown,"Query with ORDER BY results in ""database disk image is malformed"" error",https://www.sqlite.org/src/tktview/ba2f4585cf
1be72aab92,2019-07-17,Code_Defect,Fixed,Unknown,CHECK constraint using COLLATE with CASE or BETWEEN,https://www.sqlite.org/src/tktview/1be72aab92
fd3aec0c7e,2019-07-17,Code_Defect,Fixed,Unknown,Valgrind warning if PK has more columns than the table.,https://www.sqlite.org/src/tktview/fd3aec0c7e
9ece23d2ca,2019-07-08,Code_Defect,Closed,Unknown,Default collation sequences and affinities lost when window function added to query,https://www.sqlite.org/src/tktview/9ece23d2ca
9cdc5c4662,2019-06-27,Code_Defect,Fixed,Unknown,Incorrect result from second execution of correlated scalar sub-query that uses a partial sort,https://www.sqlite.org/src/tktview/9cdc5c4662
e1e07ef202,2019-06-16,Code_Defect,Fixed,Unknown,COLLATE in BETWEEN expression is ignored,https://www.sqlite.org/src/tktview/e1e07ef202
f1580ba1b5,2019-06-14,Code_Defect,Fixed,Unknown,Built-in RTRIM collating sequence yields incorrect comparisons,https://www.sqlite.org/src/tktview/f1580ba1b5
ce8717f088,2019-06-14,Code_Defect,Fixed,Unknown,LIKE malfunctions for UNIQUE COLLATE NOCASE column,https://www.sqlite.org/src/tktview/ce8717f088
674385aeba,2019-06-12,Code_Defect,Fixed,Unknown,CAST('-0.0' AS NUMERIC) computes 0.0 rather than 0,https://www.sqlite.org/src/tktview/674385aeba
4d01eda811,2019-06-12,Code_Defect,Closed,Unknown,IS TRUE operator malfunctions with COLLATE and REAL value,https://www.sqlite.org/src/tktview/4d01eda811
0c620df60b,2019-06-11,Code_Defect,Fixed,Unknown,"LIKELY(), UNLIKELY() and LIKELIHOOD() have affinities",https://www.sqlite.org/src/tktview/0c620df60b
57353f8243,2019-06-11,Code_Defect,Fixed,Unknown,COLLATE expression in the right side of an IN operator results in an affinity conversion,https://www.sqlite.org/src/tktview/57353f8243
533010b8ca,2019-06-11,Code_Defect,Fixed,Unknown,"Illegal argument to LIKELIHOOD() does not result in error when combined with ""IN ()""",https://www.sqlite.org/src/tktview/533010b8ca
412bba9b22,2019-06-10,Code_Defect,Fixed,Unknown,CAST('.' AS NUMERIC) computes 0.0 rather than 0,https://www.sqlite.org/src/tktview/412bba9b22
31c6e64ff9,2019-06-10,Code_Defect,Closed,Unknown,ALTER TABLE fails if a trigger references a non-existant table.,https://www.sqlite.org/src/tktview/31c6e64ff9
dd6bffbfb6,2019-06-10,Code_Defect,Fixed,Unknown,CAST to NUMERIC no longer converts to INTEGER,https://www.sqlite.org/src/tktview/dd6bffbfb6
fd76310a5e,2019-06-10,Code_Defect,Closed,Code_Generator,TEXT value interpreted as column name in an index with empty list in an IN expression,https://www.sqlite.org/src/tktview/fd76310a5e
b1d8c79314,2019-06-10,Code_Defect,Fixed,Code_Generator,LIKE malfunctions for INT PRIMARY KEY COLLATE NOCASE column,https://www.sqlite.org/src/tktview/b1d8c79314
4c2d7639f0,2019-06-07,Code_Defect,Fixed,Unknown,CAST('-' AS NUMERIC) computes 0.0,https://www.sqlite.org/src/tktview/4c2d7639f0
e8bedb2a18,2019-06-07,Code_Defect,Fixed,Unknown,Incorrect result when subtracting a large integer number from a TEXT value,https://www.sqlite.org/src/tktview/e8bedb2a18
c41afac34f,2019-05-29,Code_Defect,Fixed,Unknown,LIMIT applied globally rather than locally,https://www.sqlite.org/src/tktview/c41afac34f
ce82323194,2019-05-22,Code_Defect,Fixed,Unknown,Duplicate CTE name gives incorrect result,https://www.sqlite.org/src/tktview/ce82323194
b5ca442af9,2019-05-21,Code_Defect,Closed,Unknown,"""Malformed database schema"" when creating a failing index within a transaction",https://www.sqlite.org/src/tktview/b5ca442af9
9b78184be2,2019-05-20,Code_Defect,Closed,Unknown,Index on non-existing column results in a fabricated value being fetched,https://www.sqlite.org/src/tktview/9b78184be2
d3e7f2ba5b,2019-05-20,Code_Defect,Fixed,Unknown,Nested boolean formula with IN operator computes an incorrect result,https://www.sqlite.org/src/tktview/d3e7f2ba5b
787fa716be,2019-05-19,Code_Defect,Fixed,Unknown,Assertion fault when multi-use subquery implemented by co-routine,https://www.sqlite.org/src/tktview/787fa716be
3c27b97e31,2019-05-17,Code_Defect,Fixed,Unknown,REAL rounding seems to depend on FROM clause,https://www.sqlite.org/src/tktview/3c27b97e31
bba7b69f98,2019-05-14,Code_Defect,Fixed,Unknown,REINDEX on WITHOUT ROWID table with DESC PRIMARY KEY corrupts automatic UNIQUE index,https://www.sqlite.org/src/tktview/bba7b69f98
8025674847,2019-05-11,Code_Defect,Closed,Unknown,"Incorrect use of ""WHERE x NOT NULL"" index for query with a ""WHERE x IS NOT ?"" term",https://www.sqlite.org/src/tktview/8025674847
6c1d3febc0,2019-05-09,Code_Defect,Fixed,Unknown,REAL PRIMARY KEY leads to a missing entry in the index.,https://www.sqlite.org/src/tktview/6c1d3febc0
a340eef47b,2019-05-08,Code_Defect,Closed,Unknown,PRAGMA case_sensitive_like can corrupt some databases.,https://www.sqlite.org/src/tktview/a340eef47b
9cf6c9bb51,2019-05-08,Code_Defect,Closed,Unknown,"""<"" or ""<="" comparison of rowid and non-numeric text value sometimes gets the wrong answer.",https://www.sqlite.org/src/tktview/9cf6c9bb51
e63cbcfd33,2019-05-07,Code_Defect,Fixed,Unknown,Database table/index contents mismatch (corruption) caused by FK processing,https://www.sqlite.org/src/tktview/e63cbcfd33
5c6955204c,2019-05-04,Code_Defect,Fixed,Code_Generator,Incorrect result on a table scan of a partial index,https://www.sqlite.org/src/tktview/5c6955204c
ae0f637bdd,2019-05-01,Code_Defect,Fixed,Unknown,REINDEX fails on a UNIQUE index on the GLOB operator of a REAL column,https://www.sqlite.org/src/tktview/ae0f637bdd
3be1295b26,2019-05-01,Code_Defect,Fixed,Unknown,Inconsistent behavior of a unique constraint on a boolean expression.,https://www.sqlite.org/src/tktview/3be1295b26
3182d38790,2019-04-29,Code_Defect,Fixed,Unknown,COLLATE nocase index on a WITHOUT ROWID table malfunctions,https://www.sqlite.org/src/tktview/3182d38790
f00d7b651a,2019-04-19,Code_Defect,Fixed,Unknown,"ALTER TABLE corrupts the schema for tables that start with ""sqlite""",https://www.sqlite.org/src/tktview/f00d7b651a
596d059af7,2019-03-15,Code_Defect,Closed,Code_Generator,Committing a transaction with a failed ALTER TABLE may subtly corrupt schema,https://www.sqlite.org/src/tktview/596d059af7
df46dfb631,2019-02-23,Code_Defect,Fixed,Unknown,Assertion fault in self-join with a IN constraint,https://www.sqlite.org/src/tktview/df46dfb631
4feb3159c6,2019-02-22,Code_Defect,Fixed,Unknown,Crash due to misuse of window functions.,https://www.sqlite.org/src/tktview/4feb3159c6
4e8e4857d3,2019-02-08,Code_Defect,Fixed,Unknown,Crash on query using an OR term in the WHERE clause,https://www.sqlite.org/src/tktview/4e8e4857d3
5948e09b8c,2019-02-05,Code_Defect,Fixed,Unknown,Incorrect result from LEFT JOIN,https://www.sqlite.org/src/tktview/5948e09b8c
bb4bdb9f7f,2019-01-25,Code_Defect,Fixed,Virtual_Machine,Zeroblob truncated by an index on an expression,https://www.sqlite.org/src/tktview/bb4bdb9f7f
bc8d94f0fb,2019-01-09,Code_Defect,Fixed,Unknown,RENAME COLUMN fails on tables with redundant UNIQUE constraints,https://www.sqlite.org/src/tktview/bc8d94f0fb
d0866b26f8,2019-01-01,Code_Defect,Fixed,Unknown,Window function in correlated subquery causes assertion fault,https://www.sqlite.org/src/tktview/d0866b26f8
e6f1f2e34d,2018-12-22,Code_Defect,Fixed,Unknown,REPLACE can insert a default NULL into a NOT NULL column,https://www.sqlite.org/src/tktview/e6f1f2e34d
50d2a6c292,2018-12-20,Code_Defect,Closed,Unknown,Foreign key malfunction when parent and child are the same WITHOUT ROWID table and parent key is not also PRIMARY KEY,https://www.sqlite.org/src/tktview/50d2a6c292
d96eba8769,2018-12-14,Code_Defect,Fixed,Unknown,Incorrect results for OR query where both OR terms are different indexed expressions,https://www.sqlite.org/src/tktview/d96eba8769
1d958d9059,2018-12-08,Code_Defect,Fixed,Unknown,Incorrect result with NOT IN operator and partial index,https://www.sqlite.org/src/tktview/1d958d9059
f09fcd1781,2018-12-07,Code_Defect,Fixed,Unknown,Assertion fault when window functions are used.,https://www.sqlite.org/src/tktview/f09fcd1781
1a84668dcf,2018-11-05,Code_Defect,Fixed,Unknown,Assertion fault due to malformed PRIMARY KEY,https://www.sqlite.org/src/tktview/1a84668dcf
65eb38f6e4,2018-11-05,Code_Defect,Fixed,Unknown,Incorrect answer on LEFT JOIN when STAT4 is enabled,https://www.sqlite.org/src/tktview/65eb38f6e4
cf5ed20fc8,2018-10-25,Code_Defect,Fixed,Unknown,Incorrect join result with duplicate WHERE clause constraint,https://www.sqlite.org/src/tktview/cf5ed20fc8
69d642332d,2018-09-27,Code_Defect,Fixed,Unknown,The typeof() and length() functions fail in some virtual tables.,https://www.sqlite.org/src/tktview/69d642332d
e8275b415a,2018-09-27,Code_Defect,Fixed,Unknown,Assertion fault from window function inside of recursive CTE,https://www.sqlite.org/src/tktview/e8275b415a
f25d5ceebe,2018-09-24,Code_Defect,Fixed,Unknown,INTEGER PRIMARY KEY WITHOUT ROWID virtual table crash,https://www.sqlite.org/src/tktview/f25d5ceebe
510cde2777,2018-09-17,Code_Defect,Fixed,Unknown,"Endless loop on a query with window functions, ORDER BY, and LIMIT",https://www.sqlite.org/src/tktview/510cde2777
b41031ea2b,2018-09-17,Code_Defect,Fixed,Unknown,ALTER TABLE returns an error on certain schemas,https://www.sqlite.org/src/tktview/b41031ea2b
9936b2fa44,2018-09-10,Code_Defect,Fixed,Unknown,Infinite loop due to the ORDER BY LIMIT optimization,https://www.sqlite.org/src/tktview/9936b2fa44
c94369cae9,2018-09-10,Code_Defect,Fixed,Unknown,Wrong answer due to the LIKE optimization,https://www.sqlite.org/src/tktview/c94369cae9
908f001483,2018-08-14,Code_Defect,Fixed,Unknown,UPSERT does not work like PostgreSQL,https://www.sqlite.org/src/tktview/908f001483
c694113e50,2018-07-24,Code_Defect,Fixed,Unknown,Unnecessary ABORT with unhelpful error message,https://www.sqlite.org/src/tktview/c694113e50
79cad5e4b2,2018-07-11,Code_Defect,Fixed,Unknown,UPSERT results in a corrupt database,https://www.sqlite.org/src/tktview/79cad5e4b2
c2432ef908,2018-06-11,Code_Defect,Fixed,Unknown,Assertion fault due to column cache malfunction,https://www.sqlite.org/src/tktview/c2432ef908
7be932dfa6,2018-06-07,Code_Defect,Fixed,Unknown,Adverse interaction between .stats and .eqp in the CLI,https://www.sqlite.org/src/tktview/7be932dfa6
d8dc2b3a58,2018-05-23,Code_Defect,Fixed,Unknown,Crash when the schema for sqlite_sequence is corrupt,https://www.sqlite.org/src/tktview/d8dc2b3a58
e63a34a004,2018-05-08,Code_Defect,Fixed,Unknown,"Incorrectly formatted output for the "".fullschema"" command in the CLI",https://www.sqlite.org/src/tktview/e63a34a004
d85fffd6ff,2018-04-26,Code_Defect,Fixed,Unknown,VDBE program uses an expired value,https://www.sqlite.org/src/tktview/d85fffd6ff
4ba5abf65c,2018-04-24,Code_Defect,Fixed,Unknown,Index on expression leads to an incorrect LEFT JOIN,https://www.sqlite.org/src/tktview/4ba5abf65c
7fa8049685,2018-04-24,Code_Defect,Fixed,Unknown,Incorrect result on a LEFT JOIN when using an index,https://www.sqlite.org/src/tktview/7fa8049685
1e39b966ae,2018-04-10,Code_Defect,Fixed,Unknown,LEFT JOIN strength reduction optimization causes an error.,https://www.sqlite.org/src/tktview/1e39b966ae
fac496b617,2018-04-10,Code_Defect,Fixed,Code_Generator,Over-aggressive LEFT JOIN optimization on virtual tables,https://www.sqlite.org/src/tktview/fac496b617
2b8aed9f7c,2018-04-09,Code_Defect,Fixed,Unknown,Misbehavior in the FTS5 xBestIndex method,https://www.sqlite.org/src/tktview/2b8aed9f7c
093420fc0e,2018-04-06,Code_Defect,Fixed,Unknown,Virtual Machine references an uninitialized register,https://www.sqlite.org/src/tktview/093420fc0e
36fae083b4,2018-02-26,Code_Defect,Fixed,Unknown,Inconsistent interpretation of truth,https://www.sqlite.org/src/tktview/36fae083b4
f484b65f3d,2018-02-13,Code_Defect,Fixed,Unknown,Incorrect result from row-value comparison in WHERE clause,https://www.sqlite.org/src/tktview/f484b65f3d
d6ec09eccf,2018-02-13,Code_Defect,Fixed,Unknown,Assertion fault in FTS4,https://www.sqlite.org/src/tktview/d6ec09eccf
343634942d,2018-02-01,Code_Defect,Fixed,Unknown,Index on expression goes corrupt from valid SQL,https://www.sqlite.org/src/tktview/343634942d
ec32177c99,2018-01-27,Code_Defect,Fixed,Unknown,Incorrect result with complex OR-connected WHERE and STAT4,https://www.sqlite.org/src/tktview/ec32177c99
80177f0c22,2018-01-26,Code_Defect,Fixed,Unknown,Incorrect result when join condition uses a table-valued function,https://www.sqlite.org/src/tktview/80177f0c22
7310e2fb3d,2018-01-23,Code_Defect,Fixed,Unknown,Valid row-value syntax is rejected,https://www.sqlite.org/src/tktview/7310e2fb3d
47b2581aa9,2018-01-16,Code_Defect,Fixed,Unknown,Infinite loop on UPDATE,https://www.sqlite.org/src/tktview/47b2581aa9
dc3f932f5a,2018-01-02,Code_Defect,Fixed,Unknown,Assertion fault doing a REPLACE with index on an expression.,https://www.sqlite.org/src/tktview/dc3f932f5a
3b44500725,2017-12-23,Code_Defect,Fixed,Unknown,Inconsistent column names,https://www.sqlite.org/src/tktview/3b44500725
123c9ba321,2017-12-13,Code_Defect,Fixed,Unknown,Incorrect result when an index is used for an ordered join,https://www.sqlite.org/src/tktview/123c9ba321
d4beea1633,2017-11-26,Code_Defect,Fixed,Unknown,DELETE with a LIMIT does not work for WITHOUT ROWID tables,https://www.sqlite.org/src/tktview/d4beea1633
ef9318757b,2017-11-23,Code_Defect,Fixed,Unknown,Incorrect result due to the skip-ahead-distinct optimization,https://www.sqlite.org/src/tktview/ef9318757b
aa98619ad0,2017-11-06,Code_Defect,Fixed,Unknown,Assertion fault on an IN operator using a constant index,https://www.sqlite.org/src/tktview/aa98619ad0
e651b13418,2017-10-10,Code_Defect,Fixed,Unknown,DROP TABLE fails for WITHOUT ROWID tables an SQLITE_OMIT_AUTOVACUUM,https://www.sqlite.org/src/tktview/e651b13418
cfa2c908f2,2017-09-11,Code_Defect,Fixed,Unknown,Assertion fault in STAT4 on a double-negation,https://www.sqlite.org/src/tktview/cfa2c908f2
b899b6042f,2017-09-11,Code_Defect,Fixed,Unknown,Segfault on correlated subquery on the RHS of an IN operator in the WHERE clause,https://www.sqlite.org/src/tktview/b899b6042f
02f0f4c54f,2017-08-28,Code_Defect,Fixed,Unknown,"The "".dump"" comman crashes following PRAGMA empty_result_callbacks=1",https://www.sqlite.org/src/tktview/02f0f4c54f
88af8923dc,2017-08-24,Code_Defect,Closed,Unknown,,https://www.sqlite.org/src/tktview/88af8923dc
7486aa54b9,2017-08-24,Code_Defect,Fixed,Unknown,Assertion fault caused by sqlite3_result_pointer(),https://www.sqlite.org/src/tktview/7486aa54b9
e20dd54ab0,2017-08-18,Code_Defect,Fixed,Unknown,COLLATE sequence for ORDER/GROUP BY ignored when using an index-on-expression,https://www.sqlite.org/src/tktview/e20dd54ab0
be436a7f45,2017-08-17,Code_Defect,Fixed,Unknown,Use-after-free on schema change where RTREE is used inside of a trigger,https://www.sqlite.org/src/tktview/be436a7f45
cb91bf4290,2017-08-01,Code_Defect,Fixed,Unknown,Assertion fault following PRAGMA reverse_unordered_selects=ON,https://www.sqlite.org/src/tktview/cb91bf4290
de3403bf5a,2017-07-31,Code_Defect,Fixed,Unknown,Column name shift due to LEFT JOIN query flattening,https://www.sqlite.org/src/tktview/de3403bf5a
bc11554113,2017-07-31,Code_Defect,Fixed,Unknown,Assertion fault on a dodgy CREATE TABLE statement using WITHOUT ROWID,https://www.sqlite.org/src/tktview/bc11554113
ce68383bf6,2017-07-21,Code_Defect,Fixed,Unknown,Incorrect LEFT JOIN result with IS operator in WHERE clause and auto-index,https://www.sqlite.org/src/tktview/ce68383bf6
a4e06e75a9,2017-07-15,Code_Defect,Fixed,Unknown,"False-positive from ""PRAGMA integrity_check""",https://www.sqlite.org/src/tktview/a4e06e75a9
b9f0101077,2017-06-27,Code_Defect,Fixed,Unknown,Violation of the Query Planner Stability Guarantee,https://www.sqlite.org/src/tktview/b9f0101077
892fc34f17,2017-06-20,Code_Defect,Fixed,Unknown,Incorrect query result when a LEFT JOIN subquery is flattened,https://www.sqlite.org/src/tktview/892fc34f17
fda2210880,2017-06-08,Code_Defect,Fixed,Unknown,Corruption due to REPLACE in an auto-vacuumed database,https://www.sqlite.org/src/tktview/fda2210880
7fde638e94,2017-05-25,Code_Defect,Fixed,Unknown,Assertion fault on a LEFT JOIN,https://www.sqlite.org/src/tktview/7fde638e94
cad1ab4cb7,2017-05-23,Code_Defect,Fixed,Unknown,Segfault due to LEFT JOIN flattening optimization,https://www.sqlite.org/src/tktview/cad1ab4cb7
f68dc596c4,2017-05-01,Code_Defect,Fixed,Unknown,Database corruption on REPLACE with a mix of NULL and non-NULL rowids.,https://www.sqlite.org/src/tktview/f68dc596c4
61fe97454c,2017-04-24,Code_Defect,Closed,Unknown,Duplicate result using an IN operator in the WHERE clause,https://www.sqlite.org/src/tktview/61fe97454c
981329adee,2017-04-11,Code_Defect,Fixed,Unknown,Stack overflow while parsing deeply nested JSON,https://www.sqlite.org/src/tktview/981329adee
6c9b551407,2017-04-10,Code_Defect,Fixed,Unknown,JSON allows unescaped control characters in strings,https://www.sqlite.org/src/tktview/6c9b551407
b93be8729a,2017-04-08,Code_Defect,Fixed,Unknown,JSON extension accepts invalid numeric values,https://www.sqlite.org/src/tktview/b93be8729a
06796225f5,2017-03-24,Code_Defect,Fixed,Unknown,Crash in recursive invocation of a trigger that uses an ephemeral table,https://www.sqlite.org/src/tktview/06796225f5
6097cb9274,2017-03-02,Code_Defect,Fixed,Unknown,Broken 'start of day' modifier on date/time functions,https://www.sqlite.org/src/tktview/6097cb9274
eb703ba7b5,2017-02-11,Code_Defect,Fixed,Unknown,Incorrect result using index on expression with collating function,https://www.sqlite.org/src/tktview/eb703ba7b5
e6e962d6b0,2017-01-25,Code_Defect,Fixed,Unknown,sqlite3_blob_reopen() misbehavior on ALTER-ed table,https://www.sqlite.org/src/tktview/e6e962d6b0
7ffd1ca1d2,2017-01-16,Code_Defect,Fixed,Unknown,Incorrect affinity when using automatic indexes,https://www.sqlite.org/src/tktview/7ffd1ca1d2
25e335f802,2017-01-10,Code_Defect,Fixed,Unknown,Incorrect result when ON clause refers to table to the right,https://www.sqlite.org/src/tktview/25e335f802
190c2507ee,2017-01-05,Code_Defect,Fixed,Unknown,Assertion fault on a query against a view,https://www.sqlite.org/src/tktview/190c2507ee
30027b613b,2017-01-05,Code_Defect,Fixed,Unknown,DELETE trigger on WITHOUT ROWID table not fired for REPLACE op,https://www.sqlite.org/src/tktview/30027b613b
8c9458e703,2017-01-03,Code_Defect,Fixed,Unknown,row-value updates in triggers do not work.,https://www.sqlite.org/src/tktview/8c9458e703
2df0107bd2,2016-12-01,Code_Defect,Fixed,Unknown,Incorrect result from LEFT JOIN with a subquery on the LHS,https://www.sqlite.org/src/tktview/2df0107bd2
1a68465637,2016-11-24,Code_Defect,Fixed,Unknown,Assertion fault on a conditional row-value expression,https://www.sqlite.org/src/tktview/1a68465637
da78413751,2016-11-23,Code_Defect,Fixed,Unknown,Query flattening causes bad byte-code for a vector IN operator,https://www.sqlite.org/src/tktview/da78413751
199df4168c,2016-11-23,Code_Defect,Fixed,Unknown,Different answer with and without index on IN operator with type mismatch,https://www.sqlite.org/src/tktview/199df4168c
2f1b168ab4,2016-11-11,Code_Defect,Fixed,Unknown,Crash following syntax error on DETACH,https://www.sqlite.org/src/tktview/2f1b168ab4
fef4bb4bd9,2016-10-27,Code_Defect,Fixed,Unknown,Incorrect result from a LEFT JOIN with a row-value constraint,https://www.sqlite.org/src/tktview/fef4bb4bd9
34a579141b,2016-10-26,Code_Defect,Closed,Unknown,Incorrect results with OR terms in the ON clause of a LEFT JOIN,https://www.sqlite.org/src/tktview/34a579141b
96c1454cbf,2016-10-12,Code_Defect,Fixed,Unknown,Incorrect result with ORDER BY DESC and LIMIT (again),https://www.sqlite.org/src/tktview/96c1454cbf
4766f44486,2016-10-10,Code_Defect,Closed,Unknown,ORDER BY handling with indexes on expressions,https://www.sqlite.org/src/tktview/4766f44486
4baa464912,2016-10-10,Code_Defect,Fixed,Unknown,NULL handling for indexes on expressions,https://www.sqlite.org/src/tktview/4baa464912
7b3328086a,2016-10-03,Code_Defect,Fixed,Unknown,AUTOINCREMENT problem with the INSERT xfer optimization,https://www.sqlite.org/src/tktview/7b3328086a
1ec41379c9,2016-09-20,Code_Defect,Fixed,Unknown,Integer multiple fails to overflow to floating-point,https://www.sqlite.org/src/tktview/1ec41379c9
0eab1ac759,2016-09-16,Code_Defect,Fixed,Unknown,O(N*N) behavior where it should be O(N),https://www.sqlite.org/src/tktview/0eab1ac759
0c4df46116,2016-09-07,Code_Defect,Fixed,Unknown,Incorrect result with ORDER BY DESC and LIMIT,https://www.sqlite.org/src/tktview/0c4df46116
ef36060112,2016-08-26,Code_Defect,Fixed,Unknown,Incorrect affinity transformations on DELETE,https://www.sqlite.org/src/tktview/ef36060112
a0bac8b3c3,2016-07-26,Code_Defect,Fixed,Unknown,CREATE INDEX changes the answer,https://www.sqlite.org/src/tktview/a0bac8b3c3
f68bf68513,2016-07-14,Code_Defect,Fixed,Unknown,ALTER TABLE corrupts DESC indexes,https://www.sqlite.org/src/tktview/f68bf68513
e8d439c776,2016-07-01,Code_Defect,Fixed,Unknown,Crash on transitive WHERE constraint and undefined collation,https://www.sqlite.org/src/tktview/e8d439c776
16c9801ceb,2016-05-06,Code_Defect,Fixed,Unknown,Segfault on DELETE with WHERE containing OR,https://www.sqlite.org/src/tktview/16c9801ceb
dc6ebeda93,2016-05-02,Code_Defect,Fixed,Unknown,Incorrect DELETE due to the one-pass optimization,https://www.sqlite.org/src/tktview/dc6ebeda93
f7f8c97e97,2016-04-25,Code_Defect,Fixed,Unknown,Valid query fails to compile due to WHERE clause optimization,https://www.sqlite.org/src/tktview/f7f8c97e97
7d7525cb01,2016-04-18,Code_Defect,Fixed,Unknown,Compatibility break on INTEGER PRIMARY KEY columns.,https://www.sqlite.org/src/tktview/7d7525cb01
a306e56ff6,2016-04-09,Code_Defect,Fixed,Unknown,Failed DELETE with PRAGMA reverse_unordered_selects,https://www.sqlite.org/src/tktview/a306e56ff6
7f7f8026ed,2016-04-07,Code_Defect,Fixed,Unknown,Segfault following heavy SAVEPOINT usage,https://www.sqlite.org/src/tktview/7f7f8026ed
5e3c886796,2016-03-09,Code_Defect,Fixed,Unknown,Correlated subquery on the RHS of an IN operator,https://www.sqlite.org/src/tktview/5e3c886796
dc9b1c91db,2016-02-19,Code_Defect,Closed,Unknown,One trigger may use auxdata belonging to another.,https://www.sqlite.org/src/tktview/dc9b1c91db
d06a25c844,2016-02-09,Code_Defect,Fixed,Code_Generator,Incorrect result from a UNION with an ORDER BY,https://www.sqlite.org/src/tktview/d06a25c844
ad2559db38,2016-02-04,Code_Defect,Fixed,Unknown,JSON does not properly escape control characters,https://www.sqlite.org/src/tktview/ad2559db38
f45ac567ea,2016-01-30,Code_Defect,Fixed,Unknown,Invalid JSON generated by json_group_array(),https://www.sqlite.org/src/tktview/f45ac567ea
80369eddd5,2016-01-20,Code_Defect,Fixed,Unknown,Incorrect case folding in the LIKE operator,https://www.sqlite.org/src/tktview/80369eddd5
cb3aa0641d,2016-01-13,Code_Defect,Fixed,Unknown,Incorrect result from a subquery containing over-constrainted ORDER BY,https://www.sqlite.org/src/tktview/cb3aa0641d
e5c6268dd8,2015-11-24,Code_Defect,Fixed,Unknown,Assertion fault on DISTINCT query containing a correlated aggregate.,https://www.sqlite.org/src/tktview/e5c6268dd8
73eba7ba5c,2015-11-21,Code_Defect,Fixed,Unknown,Table-valued function syntax allowed for ordinary tables and views,https://www.sqlite.org/src/tktview/73eba7ba5c
38a97a87a6,2015-11-13,Code_Defect,Fixed,Unknown,Inaccurate int/float comparison results in corrupt index,https://www.sqlite.org/src/tktview/38a97a87a6
ac661962a2,2015-11-01,Code_Defect,Fixed,Unknown,Differing interpretation of historical schemas,https://www.sqlite.org/src/tktview/ac661962a2
8a2adec166,2015-10-24,Code_Defect,Closed,Unknown,Problem creating automatic-indexes on sub-queries in the FROM clause of correlated scalar sub-queries,https://www.sqlite.org/src/tktview/8a2adec166
57eec374ae,2015-10-16,Code_Defect,Fixed,Unknown,JSON1 accepts form-feed (char(12)) as a white-space character,https://www.sqlite.org/src/tktview/57eec374ae
b65cb2c8d9,2015-10-06,Code_Defect,Fixed,Unknown,Incorrect LIMIT on a UNION ALL query,https://www.sqlite.org/src/tktview/b65cb2c8d9
1b266395d6,2015-09-30,Code_Defect,Fixed,Unknown,INSERT OR REPLACE with a foreign key constraint leads to assertion fault,https://www.sqlite.org/src/tktview/1b266395d6
acd1299088,2015-09-09,Code_Defect,Fixed,Unknown,CREATE TABLE AS fails with a false report of database corruption,https://www.sqlite.org/src/tktview/acd1299088
c2a19d8165,2015-08-22,Code_Defect,Fixed,Unknown,Incorrect LEFT JOIN when FROM clause contains nested subqueries,https://www.sqlite.org/src/tktview/c2a19d8165
8fd39115d8,2015-07-23,Code_Defect,Fixed,Unknown,assertion fault on WITHOUT ROWID query using the OR optimization,https://www.sqlite.org/src/tktview/8fd39115d8
5f60b11fc8,2015-06-18,Code_Defect,Fixed,Unknown,likely() function in the ON clause of a LEFT JOIN results in incorrect result,https://www.sqlite.org/src/tktview/5f60b11fc8
873cae2b6e,2015-06-16,Code_Defect,Fixed,Unknown,Schema corruption after aborted CREATE TABLE AS,https://www.sqlite.org/src/tktview/873cae2b6e
f2ad7de056,2015-05-20,Code_Defect,Fixed,Unknown,Corrupt table created by CREATE TABLE AS followed by compound SELECT,https://www.sqlite.org/src/tktview/f2ad7de056
34cd55d68e,2015-05-19,Code_Defect,Fixed,Unknown,Database corruption following INSERT with a TRIGGER that does an affinity change,https://www.sqlite.org/src/tktview/34cd55d68e
7b4fee9f6c,2015-04-11,Code_Defect,Closed,Unknown,Expressions like (a IS NULL AND b = ?) optimized by a UNIQUE index matching a single row only,https://www.sqlite.org/src/tktview/7b4fee9f6c
05f43be8fd,2015-03-07,Code_Defect,Fixed,Unknown,Incorrect use of index with LIKE operators when the LHS is a blob,https://www.sqlite.org/src/tktview/05f43be8fd
2326c258d0,2015-02-24,Code_Defect,Fixed,Unknown,Incorrect result when a LEFT JOIN provides the qualifying constraint for a partial index,https://www.sqlite.org/src/tktview/2326c258d0
1c69be2daf,2015-02-17,Code_Defect,Fixed,Unknown,Incorrect GROUP BY when input and output columns have the same name,https://www.sqlite.org/src/tktview/1c69be2daf
ca0d20b6cd,2015-02-09,Code_Defect,Fixed,Unknown,COLLATE operator masked by function calls,https://www.sqlite.org/src/tktview/ca0d20b6cd
2f7170d73b,2015-02-09,Code_Defect,Fixed,Unknown,"""misuse of aggregate"" error if aggregate column from FROM subquery is used in correlated subquery",https://www.sqlite.org/src/tktview/2f7170d73b
32b63d5424,2015-01-22,Code_Defect,Fixed,Unknown,Fuzzer induced crash,https://www.sqlite.org/src/tktview/32b63d5424
f97c463710,2015-01-20,Code_Defect,Fixed,Unknown,Incorrect ordering with ORDER BY and LIMIT,https://www.sqlite.org/src/tktview/f97c463710
a59ae93ee9,2015-01-09,Code_Defect,Fixed,Unknown,Crashes due to fuzzed input,https://www.sqlite.org/src/tktview/a59ae93ee9
e4a18565a3,2014-12-05,Code_Defect,Fixed,Unknown,Stale KeyInfo object used in shared-cache mode,https://www.sqlite.org/src/tktview/e4a18565a3
c5ea805691,2014-12-04,Code_Defect,Fixed,Unknown,Inverted sort order when using DISTINCT and a descending index,https://www.sqlite.org/src/tktview/c5ea805691
6f2222d550,2014-12-04,Code_Defect,Fixed,Unknown,Incorrect output on a LEFT JOIN,https://www.sqlite.org/src/tktview/6f2222d550
db87229497,2014-11-14,Code_Defect,Fixed,Unknown,Incorrect result when RHS of IN operator contains DISTINCT and LIMIT,https://www.sqlite.org/src/tktview/db87229497
094d39a4c9,2014-11-05,Code_Defect,Fixed,Unknown,Assertion fault on CREATE TABLE ... AS SELECT ...,https://www.sqlite.org/src/tktview/094d39a4c9
43107840f1,2014-11-05,Code_Defect,Fixed,Unknown,Assertion fault on UPDATE,https://www.sqlite.org/src/tktview/43107840f1
ba7cbfaedc,2014-10-11,Code_Defect,Fixed,Unknown,Wrong output order when a DESC index and GROUP BY and ORDER BY.,https://www.sqlite.org/src/tktview/ba7cbfaedc
8c32a33a53,2014-10-02,Code_Defect,Fixed,Unknown,Segfault on a syntax error involving the IS operator,https://www.sqlite.org/src/tktview/8c32a33a53
e3a290961a,2014-10-01,Code_Defect,Closed,Unknown,out-of-bounds write when using non-default malloc implementation and SQLITE_DIRECT_OVERFLOW_READ,https://www.sqlite.org/src/tktview/e3a290961a
209d31e316,2014-09-29,Code_Defect,Fixed,Unknown,Assertion fault when deleting a table out from under a SELECT,https://www.sqlite.org/src/tktview/209d31e316
78c0c8c3c9,2014-09-24,Code_Defect,Fixed,Unknown,Segfault when a DEFAULT value contains a bind parameter,https://www.sqlite.org/src/tktview/78c0c8c3c9
d11a6e908f,2014-09-21,Code_Defect,Fixed,Unknown,Query planner fault on three-way nested join with compound inner SELECT,https://www.sqlite.org/src/tktview/d11a6e908f
98d973b8f5,2014-08-27,Code_Defect,Fixed,Unknown,Partial index gives incorrect query result,https://www.sqlite.org/src/tktview/98d973b8f5
369d57fb8e,2014-08-21,Code_Defect,Fixed,Unknown,DELETE with TRIGGER causes an assertion fault,https://www.sqlite.org/src/tktview/369d57fb8e
11d5aa455e,2014-08-19,Code_Defect,Fixed,Unknown,sqlite3_trace() sometimes does not invoke its callback,https://www.sqlite.org/src/tktview/11d5aa455e
3a88d85f36,2014-08-06,Code_Defect,Fixed,Unknown,Segfault when a DEFAULT value contains an aggregate function,https://www.sqlite.org/src/tktview/3a88d85f36
9a6daf340d,2014-07-30,Code_Defect,Fixed,Unknown,UNIQUE not enforced on an index,https://www.sqlite.org/src/tktview/9a6daf340d
d2889096e7,2014-07-29,Code_Defect,Fixed,Unknown,Problem with rtree tables with IN() operators or as the inner loop of a join.,https://www.sqlite.org/src/tktview/d2889096e7
b2fa5424e6,2014-06-30,Code_Defect,Fixed,Unknown,Incorrect STAT4 samples for WITHOUT ROWID tables,https://www.sqlite.org/src/tktview/b2fa5424e6
9a8b09f8e6,2014-06-27,Code_Defect,Fixed,Unknown,"Affinity problem on ""x IN (?)""",https://www.sqlite.org/src/tktview/9a8b09f8e6
e9654505cf,2014-05-23,Code_Defect,Fixed,Unknown,Inifinite loop in INSERT statement.,https://www.sqlite.org/src/tktview/e9654505cf
55746f9e65,2014-05-07,Code_Defect,Fixed,Unknown,group_concat() returns NULL instead of an empty string,https://www.sqlite.org/src/tktview/55746f9e65
f67b41381a,2014-04-26,Code_Defect,Fixed,Unknown,"""INSERT INTO tbl SELECT * FROM tbl2"" statement may modify data if ALTER TABLE ADD COLUMN has been used on tbl2.",https://www.sqlite.org/src/tktview/f67b41381a
388d01d4bb,2014-04-25,Code_Defect,Fixed,Unknown,"Crash on join with a virtual table, DISTINCT, and ORDER BY.",https://www.sqlite.org/src/tktview/388d01d4bb
b75a9ca6b0,2014-04-21,Code_Defect,Fixed,Unknown,ORDER BY ignored if query has identical GROUP BY,https://www.sqlite.org/src/tktview/b75a9ca6b0
264b970c43,2014-04-14,Code_Defect,Fixed,Unknown,Crash when calling sqlite_rename_parent() with NULL parameters.,https://www.sqlite.org/src/tktview/264b970c43
2ea3e9fe63,2014-04-13,Code_Defect,Fixed,Unknown,Partial index causes assertion fault on UPDATE OR REPLACE,https://www.sqlite.org/src/tktview/2ea3e9fe63
10fb063b11,2014-04-10,Code_Defect,Fixed,Unknown,Duplicate row output on an OR query,https://www.sqlite.org/src/tktview/10fb063b11
98825a79ce,2014-04-03,Code_Defect,Fixed,Unknown,Incorrect result from a DISTINCT + GROUP BY + ORDER BY query,https://www.sqlite.org/src/tktview/98825a79ce
a8a0d2996a,2014-03-24,Code_Defect,Fixed,Unknown,Incorrect column data type reported,https://www.sqlite.org/src/tktview/a8a0d2996a
07d6a0453d,2014-03-21,Code_Defect,Fixed,Unknown,OFFSET ignored if there is no FROM clause,https://www.sqlite.org/src/tktview/07d6a0453d
e39d032577,2014-03-20,Code_Defect,Fixed,Unknown,"Assertion fault on a query containing ""x IN (?)""",https://www.sqlite.org/src/tktview/e39d032577
c060923a54,2014-03-11,Code_Defect,Closed,VFS,VFS filename truncation issues,https://www.sqlite.org/src/tktview/c060923a54
08595ca456,2014-03-11,Code_Defect,Closed,Parser,INTERSECT operator should have higher precedence,https://www.sqlite.org/src/tktview/08595ca456
d8fe6cef65,2014-03-11,Code_Defect,Closed,VFS,Error return from VFS xUnlock ignored,https://www.sqlite.org/src/tktview/d8fe6cef65
1248e6cda8,2014-03-11,Code_Defect,Closed,Unknown,Insufficient precision of sqlite3_column_text16() for floating point values,https://www.sqlite.org/src/tktview/1248e6cda8
edb497982c,2014-03-11,Code_Defect,Fixed,Unknown,FTS n-character prefix query returns incorrect results when using an n+1 character prefix index.,https://www.sqlite.org/src/tktview/edb497982c
beba9cae63,2014-03-11,Code_Defect,Fixed,Unknown,Assertion fault on a valid query,https://www.sqlite.org/src/tktview/beba9cae63
4eb3a0bd32,2014-03-11,Code_Defect,Fixed,Unknown,Performance regression in Skrooge,https://www.sqlite.org/src/tktview/4eb3a0bd32
31a19d11b9,2014-03-05,Code_Defect,Fixed,Unknown,Name resolution issue with compound SELECTs and Common Table Expressions,https://www.sqlite.org/src/tktview/31a19d11b9
4ef7e3cfca,2014-03-04,Code_Defect,Closed,Unknown,Name resolution problem in sub-selects within triggers,https://www.sqlite.org/src/tktview/4ef7e3cfca
65bdeb9739,2014-02-26,Code_Defect,Fixed,Unknown,"""ORDER BY random()"" gets optimized out",https://www.sqlite.org/src/tktview/65bdeb9739
8c63ff0eca,2014-02-25,Code_Defect,Fixed,Unknown,Incorrect query result on a UNION ALL,https://www.sqlite.org/src/tktview/8c63ff0eca
c34d0557f7,2014-02-12,Code_Defect,Fixed,Unknown,Name resolution issue with WITHOUT ROWID,https://www.sqlite.org/src/tktview/c34d0557f7
4c86b126f2,2014-02-11,Code_Defect,Fixed,Unknown,Incorrect query result with SQLITE_ENABLE_STAT4,https://www.sqlite.org/src/tktview/4c86b126f2
fccbde530a,2014-02-08,Code_Defect,Fixed,Unknown,DISTINCT thinks a zeroblob() and blob of all zeros are different,https://www.sqlite.org/src/tktview/fccbde530a
1a1a194d1e,2014-01-20,Code_Defect,Closed,Unknown,Assertion fault on query of virtual table with cross-column constraints,https://www.sqlite.org/src/tktview/1a1a194d1e
520070ec7f,2013-12-22,Code_Defect,Fixed,Unknown,Array overrun in the skip-scan optimization,https://www.sqlite.org/src/tktview/520070ec7f
4065ac8595,2013-11-12,Code_Defect,Closed,Unknown,LEFT JOIN with virtual table on left hand side may not return all rows,https://www.sqlite.org/src/tktview/4065ac8595
c620261b5b,2013-10-28,Code_Defect,Fixed,Unknown,Incorrect result on query involving LEFT JOIN and transitive constraints,https://www.sqlite.org/src/tktview/c620261b5b
a5c8ed66ca,2013-10-04,Code_Defect,Fixed,Unknown,Incorrect count(*) when partial indices exist,https://www.sqlite.org/src/tktview/a5c8ed66ca
9fb5cd7c76,2013-09-30,Code_Defect,Fixed,Unknown,"""DELETE FROM tbl"" statements do not obtain a shared-cache write-lock on table ""tbl""",https://www.sqlite.org/src/tktview/9fb5cd7c76
be84e357c0,2013-09-03,Code_Defect,Fixed,Unknown,Segfault during query involving LEFT JOIN column in the ORDER BY clause,https://www.sqlite.org/src/tktview/be84e357c0
9f2eb3abac,2013-08-29,Code_Defect,Fixed,Unknown,A lookup on a primary key or unique index with more than 4 fields can cause a crash,https://www.sqlite.org/src/tktview/9f2eb3abac
bc878246ea,2013-08-28,Code_Defect,Fixed,Unknown,Incorrect result from LEFT JOIN query,https://www.sqlite.org/src/tktview/bc878246ea
d666d600a6,2013-08-21,Code_Defect,Fixed,Unknown,COLLATE operator on lhs of BETWEEN expression is ignored.,https://www.sqlite.org/src/tktview/d666d600a6
f617ea3125,2013-08-15,Code_Defect,Fixed,Unknown,Incorrect ORDER BY with colliding input and output column names,https://www.sqlite.org/src/tktview/f617ea3125
406d3b2ef9,2013-07-18,Code_Defect,Fixed,Unknown,SQL function auxdata associated with parameters is not cleared,https://www.sqlite.org/src/tktview/406d3b2ef9
78588b938a,2013-07-17,Code_Defect,Fixed,Unknown,Virtual Table Sync frees pVtab->zErrMsg without zeroing,https://www.sqlite.org/src/tktview/78588b938a
83e9014ec2,2013-07-09,Code_Defect,Fixed,Unknown,Incorrect result from sqlite3_stmt_status with SQLITE_STMTSTATUS_FULLSCAN_STEP,https://www.sqlite.org/src/tktview/83e9014ec2
5ed1772895,2013-07-09,Code_Defect,Fixed,Unknown,Incorrect ORDER BY on an indexed JOIN,https://www.sqlite.org/src/tktview/5ed1772895
bc1aea7b72,2013-07-09,Code_Defect,Fixed,Unknown,Incorrect result on LEFT JOIN with OR constraints and an ORDER BY clause,https://www.sqlite.org/src/tktview/bc1aea7b72
490a4b7235,2013-07-09,Code_Defect,Fixed,Unknown,"""WHERE 0"" on the first element of a UNION causes an assertion fault",https://www.sqlite.org/src/tktview/490a4b7235
d805526eae,2013-07-08,Code_Defect,Fixed,Unknown,Incorrect join result or assertion fault due to transitive constraints,https://www.sqlite.org/src/tktview/d805526eae
868145d012,2013-07-01,Code_Defect,Fixed,Unknown,Assertion fault on double LEFT JOIN,https://www.sqlite.org/src/tktview/868145d012
a589ec069e,2013-06-27,Code_Defect,Fixed,Unknown,sqlite3_stmt_readonly() returns an incorrect value for come PRAGMAs,https://www.sqlite.org/src/tktview/a589ec069e
e636a050b7,2013-05-15,Code_Defect,Fixed,Unknown,Database corruption in shared cache mode,https://www.sqlite.org/src/tktview/e636a050b7
0fc59f908b,2013-05-15,Code_Defect,Fixed,Unknown,Missing COLLATE function does not result in an error,https://www.sqlite.org/src/tktview/0fc59f908b
f2369304e4,2013-05-09,Code_Defect,Fixed,Unknown,Incorrect results when OR is used in the ON clause of a LEFT JOIN,https://www.sqlite.org/src/tktview/f2369304e4
6709574d2a,2013-05-08,Code_Defect,Fixed,Unknown,COLLATE clause in ORDER BY causes incorrect EXCEPT,https://www.sqlite.org/src/tktview/6709574d2a
0eb70d77cb,2013-05-06,Code_Defect,Fixed,Unknown,Invalid pointer passed to the authorizer callback,https://www.sqlite.org/src/tktview/0eb70d77cb
28c6e830f2,2013-04-30,Code_Defect,Fixed,Unknown,Segfault while parsing/compiling an SQL statement,https://www.sqlite.org/src/tktview/28c6e830f2
ba82a4a41e,2013-04-22,Code_Defect,Fixed,Unknown,Query optimizer removes ORDER BY when it is needed,https://www.sqlite.org/src/tktview/ba82a4a41e
f69b96e307,2013-04-18,Code_Defect,Fixed,Unknown,Over-aggressive optimization of ORDER BY using a virtual table with IN operator,https://www.sqlite.org/src/tktview/f69b96e307
2500cdb9be,2013-04-14,Code_Defect,Fixed,Unknown,COLLATE in ORDER BY clause breaks name resolution,https://www.sqlite.org/src/tktview/2500cdb9be
7ff3120e4f,2013-04-12,Code_Defect,Fixed,VFS,Recovery race condition leads to database corruption on Windows,https://www.sqlite.org/src/tktview/7ff3120e4f
38b1ae018f,2013-03-27,Code_Defect,Fixed,Unknown,Assertion fault on valid FTS4 query,https://www.sqlite.org/src/tktview/38b1ae018f
6bfb98dfc0,2013-03-27,Code_Defect,Fixed,Unknown,False report of database corruption on an INSERT,https://www.sqlite.org/src/tktview/6bfb98dfc0
a179fe7465,2013-03-27,Code_Defect,Fixed,Unknown,Incorrect output order on a join with an ORDER BY,https://www.sqlite.org/src/tktview/a179fe7465
689137afb6,2013-03-20,Code_Defect,Fixed,Unknown,Casting UTF16 to numeric types fails,https://www.sqlite.org/src/tktview/689137afb6
4dd95f6943,2013-03-13,Code_Defect,Fixed,Unknown,Inverted result order with ORDER BY DESC and a DESC index.,https://www.sqlite.org/src/tktview/4dd95f6943
fc7bd6358f,2013-03-06,Code_Defect,Fixed,Unknown,Incorrect query result in a 3-way join due to affinity issues,https://www.sqlite.org/src/tktview/fc7bd6358f
7a31705a7e,2013-03-01,Code_Defect,Fixed,Unknown,Name resolution fails when table name is a prefix of another table,https://www.sqlite.org/src/tktview/7a31705a7e
db4d96798d,2013-01-29,Code_Defect,Fixed,Unknown,LIMIT does not work with nested views containing UNION ALL,https://www.sqlite.org/src/tktview/db4d96798d
d58ccbb3f1,2013-01-28,Code_Defect,Fixed,Unknown,"Segmentation fault on a valid query with ""union""",https://www.sqlite.org/src/tktview/d58ccbb3f1
c997b11c4d,2013-01-09,Code_Defect,Fixed,Code_Generator,ORDER BY clause ignored in 3-way join query,https://www.sqlite.org/src/tktview/c997b11c4d
0cfd98ee20,2012-12-21,Code_Defect,Closed,Pager,Potential corruption of backup db when backing up a db last written by sqlite<3.7.0,https://www.sqlite.org/src/tktview/0cfd98ee20
a7b7803e8d,2012-12-19,Code_Defect,Fixed,Code_Generator,crash when filtering twice by same predicate using aliases,https://www.sqlite.org/src/tktview/a7b7803e8d
71e333e7d2,2012-12-19,Code_Defect,Fixed,Unknown,COLLATE operator inside CHECK constraint fails in shared-cache mode,https://www.sqlite.org/src/tktview/71e333e7d2
df678d738a,2012-12-18,Code_Defect,Closed,Pager,Cache corruption following IO error on systems supporting atomic-write,https://www.sqlite.org/src/tktview/df678d738a
d6b36be38a,2012-12-07,Code_Defect,Closed,Code_Generator,Sub-select in LIMIT clause may access db without locks.,https://www.sqlite.org/src/tktview/d6b36be38a
ae3c5670b6,2012-12-06,Code_Defect,Closed,Code_Generator,Bug caused by factoring of constants in trigger programs,https://www.sqlite.org/src/tktview/ae3c5670b6
bfbf38e5e9,2012-11-02,Code_Defect,Fixed,Unknown,Segfault on a nested join,https://www.sqlite.org/src/tktview/bfbf38e5e9
d02e1406a5,2012-10-04,Code_Defect,Fixed,Unknown,LEFT JOIN with an OR in the ON clause causes segfault,https://www.sqlite.org/src/tktview/d02e1406a5
c2ad16f997,2012-05-21,Code_Defect,Fixed,Unknown,Segfault on query involving deeply nested aggregate views,https://www.sqlite.org/src/tktview/c2ad16f997
cfe84e8683,2012-05-21,Code_Defect,Fixed,Unknown,"The "".schema"" command outputs nested VIEWS in the wrong order",https://www.sqlite.org/src/tktview/cfe84e8683
bdc6bbbb38,2012-05-10,Code_Defect,Closed,Unknown,Problem with FTS aux. functions when used with OR queries with enhanced query syntax enabled,https://www.sqlite.org/src/tktview/bdc6bbbb38
385a5b56b9,2012-04-20,Code_Defect,Closed,Code_Generator,A DISTINCT SELECT optimized using a UNIQUE index may allow duplicate NULL values.,https://www.sqlite.org/src/tktview/385a5b56b9
2a5629202f,2012-04-20,Code_Defect,Closed,Code_Generator,Malfunctioning interaction between a multi-term ORDER BY clause and UNIQUE index containing NULL values,https://www.sqlite.org/src/tktview/2a5629202f
27ca74af3c,2012-03-31,Code_Defect,Fixed,Unknown,Nested SAVEPOINT release causes pending query abort,https://www.sqlite.org/src/tktview/27ca74af3c
b7c8682cc1,2012-03-13,Code_Defect,Fixed,Unknown,Incorrect result from LEFT JOIN with OR in the WHERE clause,https://www.sqlite.org/src/tktview/b7c8682cc1
3557ad65a0,2012-03-03,Code_Defect,Fixed,Unknown,Incorrect DISTINCT on an indexed query with IN,https://www.sqlite.org/src/tktview/3557ad65a0
ae6794effd,2012-02-01,Code_Defect,Fixed,Unknown,ALTER TABLE RENAME fails for triggers that use the table name with a different case,https://www.sqlite.org/src/tktview/ae6794effd
5f41597f7c,2012-01-30,Code_Defect,Fixed,Unknown,"sqlite3_uri_boolean defaults to true, documented as false, is a mess",https://www.sqlite.org/src/tktview/5f41597f7c
c04a8b8a4f,2012-01-28,Code_Defect,Fixed,Unknown,"Trailing comments not stripped from views, invalid dumps",https://www.sqlite.org/src/tktview/c04a8b8a4f
ff5be73dee,2012-01-14,Code_Defect,Fixed,Unknown,Database corruption following power-loss in WAL mode,https://www.sqlite.org/src/tktview/ff5be73dee
a1fa75cbdd,2012-01-14,Code_Defect,Fixed,Pager,"Database corruption following unlucky application crash in WAL mode with ""PRAGMA journal_size_limit""",https://www.sqlite.org/src/tktview/a1fa75cbdd
ac0ff496b7,2011-12-22,Code_Defect,Fixed,Unknown,Database corruption due to integer overflow with SQLITE_DIRECT_OVERFLOW_READ,https://www.sqlite.org/src/tktview/ac0ff496b7
7bbfb7d442,2011-12-10,Code_Defect,Fixed,Virtual_Machine,Problem with using stale auto-indexes created on materialized sub-selects within trigger programs,https://www.sqlite.org/src/tktview/7bbfb7d442
3a77c9714e,2011-12-06,Code_Defect,Fixed,Parser,Malfunction involving temporary registers and sub-queries implemented by vdbe sub-routines.,https://www.sqlite.org/src/tktview/3a77c9714e
676bc02b87,2011-11-04,Code_Defect,Fixed,Unknown,Incorrect xfer optimization with INTERGER PRIMARY KEY ON CONFLICT REPLACE,https://www.sqlite.org/src/tktview/676bc02b87
8290242b2a,2011-10-31,Code_Defect,Closed,Unknown,ALTER TABLE RENAME fails if the database encoding is not UTF8,https://www.sqlite.org/src/tktview/8290242b2a
3338b3fa19,2011-10-31,Code_Defect,Closed,Unknown,ambiguous column name when using multiple JOIN USING clauses and WHERE clause,https://www.sqlite.org/src/tktview/3338b3fa19
57c971fc74,2011-10-31,Code_Defect,Closed,Unknown,Some user defined string functions do not operate correctly on strings with embedded nuls,https://www.sqlite.org/src/tktview/57c971fc74
48f299634a,2011-10-29,Code_Defect,Closed,Virtual_Machine,Crash in SAVEPOINT within a transaction that writes to then drops an FTS table,https://www.sqlite.org/src/tktview/48f299634a
9861b74ab9,2011-10-13,Code_Defect,Closed,Unknown,Fts3 offsets() function may report SQLITE_CORRUPT with empty string.,https://www.sqlite.org/src/tktview/9861b74ab9
fa7bf5ec94,2011-10-13,Code_Defect,Fixed,Unknown,String literal case confusion in aggregate query,https://www.sqlite.org/src/tktview/fa7bf5ec94
35c54c8749,2011-10-13,Code_Defect,Fixed,Unknown,Some os win symbols should be declared static,https://www.sqlite.org/src/tktview/35c54c8749
aa92c76cd4,2011-10-13,Code_Defect,Fixed,Code_Generator,Problem with GROUP BY and the distinction between real and integer values,https://www.sqlite.org/src/tktview/aa92c76cd4
517e206abd,2011-10-13,Code_Defect,Fixed,Utilities,Fix sqlite3_analyzer,https://www.sqlite.org/src/tktview/517e206abd
cbd054fa6b,2011-10-13,Code_Defect,Closed,Unknown,"""out of memory"" in ANALYZE with SQLITE_ENABLE_STAT2",https://www.sqlite.org/src/tktview/cbd054fa6b
9d68c88313,2011-10-13,Code_Defect,Fixed,Pager,Database corruption following OOM fault,https://www.sqlite.org/src/tktview/9d68c88313
26ff0c82d1,2011-10-13,Code_Defect,Fixed,Unknown,"Incorrect result when using unnamed ""?"" bindings",https://www.sqlite.org/src/tktview/26ff0c82d1
fc62af4523,2011-10-13,Code_Defect,Fixed,Pager,"Executing ""PRAGMA journal_mode"" may delete journal file while it is in use.",https://www.sqlite.org/src/tktview/fc62af4523
54844eea3f,2011-10-13,Code_Defect,Fixed,Code_Generator,Incorrect caching of sub-query results in the FROM clause of a scalar sub-query.,https://www.sqlite.org/src/tktview/54844eea3f
e59bdf6116,2011-10-13,Code_Defect,Fixed,Unknown,Possible database corruption following EINTR on unix,https://www.sqlite.org/src/tktview/e59bdf6116
af95b8c609,2011-10-13,Code_Defect,Fixed,Utilities,Vacuuming a WAL database resets the file header read and write versions to 1.,https://www.sqlite.org/src/tktview/af95b8c609
7d32c69b50,2011-10-13,Code_Defect,Fixed,Unknown,sqlite3LoadExtension truncates file names,https://www.sqlite.org/src/tktview/7d32c69b50
20f9d4fbbf,2011-10-12,Code_Defect,Fixed,Unknown,sqlite3_overload_function ignores errors,https://www.sqlite.org/src/tktview/20f9d4fbbf
0b803bff85,2011-10-12,Code_Defect,Fixed,VFS,Return (error code) of xCurrentTime is always ignored,https://www.sqlite.org/src/tktview/0b803bff85
c48d99d690,2011-09-30,Code_Defect,Closed,Code_Generator,"Crash in ""INSERT INTO ... SELECT"" when ""PRAGMA count_changes=1"" is configured",https://www.sqlite.org/src/tktview/c48d99d690
1a1308d253,2011-09-19,Code_Defect,Closed,Unknown,Nested correlated subquery fails when indices used,https://www.sqlite.org/src/tktview/1a1308d253
002caede89,2011-09-19,Code_Defect,Closed,Unknown,LEFT JOIN with OR terms in WHERE clause causes assertion fault,https://www.sqlite.org/src/tktview/002caede89
d635236375,2011-09-19,Code_Defect,Closed,Unknown,Assertion fault on a join with a repeated column,https://www.sqlite.org/src/tktview/d635236375
6c14288a47,2011-09-19,Code_Defect,Closed,Unknown,Virtual tables do not handle IS NOT NULL correctly,https://www.sqlite.org/src/tktview/6c14288a47
d6ddba6706,2011-09-19,Code_Defect,Closed,Unknown,Parser accepts invalid CREATE TRIGGER syntax,https://www.sqlite.org/src/tktview/d6ddba6706
25ee812710,2011-09-19,Code_Defect,Closed,Unknown,PRAGMA case_sensitive_like=1 fails,https://www.sqlite.org/src/tktview/25ee812710
91e2e8ba6f,2011-09-19,Code_Defect,Closed,Unknown,Automatic indices cause undesirable type conversions,https://www.sqlite.org/src/tktview/91e2e8ba6f
b1d3a2e531,2011-08-22,Code_Defect,Closed,Code_Generator,Erroneous FK constraint failure when dropping table.,https://www.sqlite.org/src/tktview/b1d3a2e531
2d1a5c67df,2011-05-19,Code_Defect,Fixed,Pager,Data loss on COMMIT in WAL mode,https://www.sqlite.org/src/tktview/2d1a5c67df
6284df89de,2011-04-24,Code_Defect,Fixed,Unknown,INSERT INTO ... SELECT bypasses foreign key constraint checks,https://www.sqlite.org/src/tktview/6284df89de
bb3a86e890,2011-04-13,Code_Defect,Fixed,Unknown,SQLITE_FCNTL_SIZE_HINT overflows an array,https://www.sqlite.org/src/tktview/bb3a86e890
83ea97620b,2011-03-30,Code_Defect,Fixed,Unknown,ANALYZE on empty tables prevents the use of indices,https://www.sqlite.org/src/tktview/83ea97620b
f7b4edece2,2011-03-19,Code_Defect,Fixed,Unknown,sqlite3_update_hook gives incorrect table name with shared cache,https://www.sqlite.org/src/tktview/f7b4edece2
b72787b1a7,2011-02-22,Code_Defect,Fixed,Virtual_Machine,Expiry mechanism causes incorrect collateral damage,https://www.sqlite.org/src/tktview/b72787b1a7
752e1646fc,2011-02-11,Code_Defect,Fixed,Unknown,Wrong result if DISTINCT used on subquery which uses ORDER BY.,https://www.sqlite.org/src/tktview/752e1646fc
89b8c9ac54,2011-02-10,Code_Defect,Fixed,B-Tree,False reports of corruption after writing db with two different versions (3.7 and 3.6).,https://www.sqlite.org/src/tktview/89b8c9ac54
77aa3b1e65,2011-02-10,Code_Defect,Fixed,Unknown,Segfault on automatic index using unknown collating function,https://www.sqlite.org/src/tktview/77aa3b1e65
9013e13dba,2011-02-04,Code_Defect,Fixed,Unknown,ATTACH authorization fails when database name is not a literal,https://www.sqlite.org/src/tktview/9013e13dba
5d863f876e,2011-01-27,Code_Defect,Fixed,Unknown,DB corruption following rollback-WAL-VACUUM-rollback,https://www.sqlite.org/src/tktview/5d863f876e
80ba201079,2010-12-07,Code_Defect,Fixed,Code_Generator,Bug involving subqueries and the OR optimization,https://www.sqlite.org/src/tktview/80ba201079
860399cc40,2010-10-12,Code_Defect,Fixed,Unknown,Potential memory leak in sqlite3_bind_text(),https://www.sqlite.org/src/tktview/860399cc40
a04e42a3fc,2010-10-11,Code_Defect,Fixed,Unknown,Memory leak in sqlite3_create_collation_v2(),https://www.sqlite.org/src/tktview/a04e42a3fc
38cb5df375,2010-10-06,Code_Defect,Fixed,Unknown,LIMIT ignored on compound query with subqueries,https://www.sqlite.org/src/tktview/38cb5df375
3998683a16,2010-09-30,Code_Defect,Fixed,Utilities,Some valid floating-point literals are not recognized.,https://www.sqlite.org/src/tktview/3998683a16
8454a207b9,2010-09-30,Code_Defect,Fixed,Code_Generator,ALTER TABLE ADD COLUMN with negative DEFAULT value,https://www.sqlite.org/src/tktview/8454a207b9
b351d95f9c,2010-09-28,Code_Defect,Fixed,Code_Generator,"Bug in ""INSERT INTO ... SELECT"" statements that use CASE",https://www.sqlite.org/src/tktview/b351d95f9c
313723c356,2010-09-18,Code_Defect,Fixed,Pager,Database corruption following an I/O error on xShmLock,https://www.sqlite.org/src/tktview/313723c356
5e10420e8d,2010-08-23,Code_Defect,Fixed,Unknown,Free-list corruption in incremental-vacuum mode,https://www.sqlite.org/src/tktview/5e10420e8d
e4b8a2ba6e,2010-08-13,Code_Defect,Closed,Code_Generator,Problem with DISTINCT in sub-queries in a FROM clause.,https://www.sqlite.org/src/tktview/e4b8a2ba6e
13f033c865,2010-08-05,Code_Defect,Fixed,Code_Generator,Performance regression,https://www.sqlite.org/src/tktview/13f033c865
51ae9cad31,2010-08-04,Code_Defect,Fixed,B-Tree,Database corruption by alternating writes from 3.7.0 and 3.6.23,https://www.sqlite.org/src/tktview/51ae9cad31
c38baa3d96,2010-08-03,Code_Defect,Fixed,Code_Generator,REPLACE on a CHECK constraint does not work as advertised,https://www.sqlite.org/src/tktview/c38baa3d96
168d0f7176,2010-08-01,Code_Defect,Fixed,Unknown,Segfault while reading database with a corrupt index,https://www.sqlite.org/src/tktview/168d0f7176
ce7c133ea6,2010-07-31,Code_Defect,Fixed,Code_Generator,Foreign key constraint fails when it should succeed.,https://www.sqlite.org/src/tktview/ce7c133ea6
f3e5abed55,2010-07-30,Code_Defect,Fixed,Unknown,Problems retrying COMMIT after SQLITE_BUSY on multi-file transaction,https://www.sqlite.org/src/tktview/f3e5abed55
c43940c49b,2010-07-29,Code_Defect,Fixed,Virtual_Machine,sqlite3_profile gives milliseconds (was nanoseconds in earlier releases),https://www.sqlite.org/src/tktview/c43940c49b
8011086c85,2010-07-28,Code_Defect,Fixed,Code_Generator,Query planner creates unnecessary and expensive automatic index,https://www.sqlite.org/src/tktview/8011086c85
80e031a00f,2010-07-14,Code_Defect,Fixed,Code_Generator,Result of IN should never be NULL if the RHS is empty,https://www.sqlite.org/src/tktview/80e031a00f
d11f09d36e,2010-06-26,Code_Defect,Closed,Pager,Cache corruption caused by ROLLBACK with synchronous=NORMAL,https://www.sqlite.org/src/tktview/d11f09d36e
f973c7ac31,2010-06-09,Code_Defect,Fixed,Unknown,Incorrect affinity for indexed range constraint,https://www.sqlite.org/src/tktview/f973c7ac31
dd08e5a988,2010-05-14,Code_Defect,Fixed,Unknown,Foreign key constraint fails to prevent consistency error.,https://www.sqlite.org/src/tktview/dd08e5a988
3dbdcdb14e,2010-04-30,Code_Defect,Fixed,Code_Generator,Assertion fault using indices with redundant columns,https://www.sqlite.org/src/tktview/3dbdcdb14e
c39ff61c43,2010-04-30,Code_Defect,Closed,Virtual_Machine,Erroneous FK constraint failure when reusing statement,https://www.sqlite.org/src/tktview/c39ff61c43
bb1977f6e9,2010-04-22,Code_Defect,Closed,Unknown,Concatenation can create very invalid strings,https://www.sqlite.org/src/tktview/bb1977f6e9
02a8e81d44,2010-04-15,Code_Defect,Fixed,Code_Generator,LIMIT clause on sub-select in FROM clause of a SELECT in a UNION ALL interpreted incorrectly,https://www.sqlite.org/src/tktview/02a8e81d44
883034dcb5,2010-03-31,Code_Defect,Closed,Code_Generator,Column cache problem with aggregate queries,https://www.sqlite.org/src/tktview/883034dcb5
f3162063fd,2010-03-30,Code_Defect,Closed,Code_Generator,"Crash compiling ""INSERT INTO tbl DEFAULT VALUES"" if tbl has BEFORE or INSTEAD OF triggers.",https://www.sqlite.org/src/tktview/f3162063fd
015d3820f2,2010-03-22,Code_Defect,Closed,Pager,Missing call to xSync() following rollback.,https://www.sqlite.org/src/tktview/015d3820f2
170872f1c3,2010-03-15,Code_Defect,Fixed,Unknown,Unmatched double-quote causes problems for FTS3,https://www.sqlite.org/src/tktview/170872f1c3
42d45a693e,2010-03-15,Code_Defect,Fixed,Unknown,Spurious log message from FTS3,https://www.sqlite.org/src/tktview/42d45a693e
9abd6aa831,2010-03-04,Code_Defect,Closed,Utilities,buffer overread in sqlite3_printf functions.,https://www.sqlite.org/src/tktview/9abd6aa831
ebdbadade5,2010-02-27,Code_Defect,Fixed,Unknown,LEFT JOIN incorrect when ON clause does not reference right table.,https://www.sqlite.org/src/tktview/ebdbadade5
d2f02d37f5,2010-02-24,Code_Defect,Fixed,Unknown,Assertion fault on UPDATE involving two virtual tables.,https://www.sqlite.org/src/tktview/d2f02d37f5
da1151f97d,2010-02-22,Code_Defect,Fixed,Unknown,Assertion fault on VACUUM in an auto_vacuumed database.,https://www.sqlite.org/src/tktview/da1151f97d
13336e9c3c,2010-02-15,Code_Defect,Fixed,Unknown,ALTER TABLE RENAME fails to update foreign key references,https://www.sqlite.org/src/tktview/13336e9c3c
985771e116,2010-02-15,Code_Defect,Fixed,Unknown,CREATE TRIGGER confused by TEMP/MAIN table name overlap,https://www.sqlite.org/src/tktview/985771e116
1258875e07,2010-01-21,Code_Defect,Fixed,Unknown,Undefined collating sequence on LIKE causes segfault,https://www.sqlite.org/src/tktview/1258875e07
eb942c64a1,2010-01-13,Code_Defect,Fixed,Unknown,PRAGMA reverse_unordered_selects causes schema parse to fail,https://www.sqlite.org/src/tktview/eb942c64a1
360c6073e1,2010-01-07,Code_Defect,Fixed,Code_Generator,Aggregate MAX() function with COLLATE clause,https://www.sqlite.org/src/tktview/360c6073e1
34d2ae1c6d,2009-12-29,Code_Defect,Fixed,Unknown,"Overloaded column named ""ROWID"" mishandled in triggers.",https://www.sqlite.org/src/tktview/34d2ae1c6d
eb5548a849,2009-12-24,Code_Defect,Fixed,Unknown,CAST in WHERE clause causes inconsistent query results,https://www.sqlite.org/src/tktview/eb5548a849
356c885b0b,2009-12-17,Code_Defect,Fixed,Other,sqlite3_complete() should return 0 on empty string,https://www.sqlite.org/src/tktview/356c885b0b
31338dca7e,2009-12-16,Code_Defect,Fixed,Unknown,OR operator in WHERE clause gives wrong answer when indexed,https://www.sqlite.org/src/tktview/31338dca7e
f74beaabde,2009-12-09,Code_Defect,Fixed,Code_Generator,Problem with 3-way joins and the USING clause,https://www.sqlite.org/src/tktview/f74beaabde
78e04e52ea,2009-12-08,Code_Defect,Fixed,Virtual_Machine,Assertion failure dropping table with zero length name,https://www.sqlite.org/src/tktview/78e04e52ea
abe728bbc3,2009-12-08,Code_Defect,Fixed,Virtual_Machine,Crash committing multi-file transaction including temp file,https://www.sqlite.org/src/tktview/abe728bbc3
97214a34d8,2009-12-01,Code_Defect,Fixed,VFS,Use of os2MutexNotheld before their definition,https://www.sqlite.org/src/tktview/97214a34d8
16fbf14cb2,2009-11-23,Code_Defect,Fixed,Unknown,Faulty VDBE code generated for certain third-party virtual tables,https://www.sqlite.org/src/tktview/16fbf14cb2
564d412f15,2009-11-20,Code_Defect,Fixed,Unknown,OOM on autovacuum of in-memory database causes problems.,https://www.sqlite.org/src/tktview/564d412f15
6b00e0a34c,2009-11-16,Code_Defect,Fixed,Code_Generator,The great OP_If bug,https://www.sqlite.org/src/tktview/6b00e0a34c
702bbe755b,2009-11-16,Code_Defect,Closed,Code_Generator,Invalid VDBE program built if ORDER BY used,https://www.sqlite.org/src/tktview/702bbe755b
29ab7be99f,2009-11-16,Code_Defect,Fixed,Code_Generator,Hitting NOT NULL constraint does not roll back statement transaction,https://www.sqlite.org/src/tktview/29ab7be99f
d82e3f3721,2009-10-26,Code_Defect,Fixed,Virtual_Machine,VACUUM corrupts database when MAIN and TEMP table names overlap.,https://www.sqlite.org/src/tktview/d82e3f3721
3fe897352e,2009-10-24,Code_Defect,Fixed,Unknown,Malformed UTF16 leads to a 2-byte buffer overread,https://www.sqlite.org/src/tktview/3fe897352e
39c85e8a4e,2009-10-21,Code_Defect,Fixed,VFS,FormatMessage incorrectly used (Windows VFS),https://www.sqlite.org/src/tktview/39c85e8a4e
b73fb0bd64,2009-10-19,Code_Defect,Fixed,Unknown,Natural self-join defect,https://www.sqlite.org/src/tktview/b73fb0bd64
f777251dc7,2009-10-16,Code_Defect,Fixed,B-Tree,Assertion fault following ROLLBACK with running queries,https://www.sqlite.org/src/tktview/f777251dc7
5ee23731f1,2009-10-13,Code_Defect,Fixed,Virtual_Machine,assert() failure (or invalid error code) caused by opening statement transaction on read-only database with active read statements,https://www.sqlite.org/src/tktview/5ee23731f1
8550ecca70,2009-10-07,Code_Defect,Fixed,VFS,"findLockInfo uses memcmp on non-zeroed, = assigned struct",https://www.sqlite.org/src/tktview/8550ecca70
4a03edc4c8,2009-09-24,Code_Defect,Fixed,Code_Generator,Index corruption following aggressive use of ON CONFLICT clause.,https://www.sqlite.org/src/tktview/4a03edc4c8
e25d9ea771,2009-09-17,Code_Defect,Fixed,Unknown,Cascading delete trigger fails.,https://www.sqlite.org/src/tktview/e25d9ea771
a696379c1f,2009-09-15,Code_Defect,Fixed,Unknown,Access violation error trying to insert into triggered view,https://www.sqlite.org/src/tktview/a696379c1f
2ea2425d34,2009-09-03,Code_Defect,Fixed,Code_Generator,Assertion fault:  Text encoding mismatch on value comparison,https://www.sqlite.org/src/tktview/2ea2425d34
efc02f9779,2009-08-24,Code_Defect,Fixed,Unknown,Trigger creation order affects query correctness,https://www.sqlite.org/src/tktview/efc02f9779
93fb9f89d6,2009-08-19,Code_Defect,Fixed,Code_Generator,Index causes incorrect WHERE clause evaluation,https://www.sqlite.org/src/tktview/93fb9f89d6
2d401a9428,2009-08-18,Code_Defect,Fixed,Unknown,Segfault on unknown SQL function,https://www.sqlite.org/src/tktview/2d401a9428
